#include <stdint.h>
#include <string.h>
#include "mem_map.h"
#include "rtconfig.h"
#include "register.h"

const unsigned int g_lcpu_bin[]= { 
	0x20406C40,0x003FC8A9,0x003FC999,0x00400559,
	0x0040059B,0x003FC8F3,0x003FC8F3,0x003FC8F3,
	0x00000000,0x00000000,0x00000000,0x003FC8F3,
	0x003FC8F3,0x00000000,0x0040047D,0x003FFDCD,
	0x003FE7F5,0x00007CB1,0x003FC8F3,0x003FFB4D,
	0x003FC8F3,0x003FC8F3,0x003FC8F3,0x003FC8F3,
	0x003FC8F3,0x003FC8F3,0x003FC8F3,0x0000BD39,
	0x003FFB35,0x003FC8F3,0x003FC8F3,0x00008DC1,
	0x003FC8F3,0x003FC8F3,0x003FC8F3,0x003FC8F3,
	0x003FC8F3,0x003FC8F3,0x003FC8F3,0x003FC8F3,
	0x003FC8F3,0x003FC8F3,0x003FC8F3,0x003FC8F3,
	0x003FC8F3,0x003FC8F3,0x003FC8F3,0x003FC8F3,
	0x003FC8F3,0x003FF005,0x003FC8F3,0x003FFAD1,
	0x003FC8F3,0x003FC8F3,0x003FC8F3,0x003FC8F3,
	0x003FC8F3,0x003FC8F3,0x003FFB91,0x003FC8F3,
	0x003FC8F3,0x003FC8F3,0x003FE0A1,0x003FC8F3,
	0x00000000,0x4B044803,0xD0024283,0xB1034B03,
	0x47704718,0x20404C3C,0x20404C3C,0x00000000,
	0x49074B06,0x10891AC9,0x3101BF48,0xD0031049,
	0xB10B4B04,0x47184801,0xBF004770,0x20404C3C,
	0x20404C3C,0x00000000,0x4C06B510,0xB9437823,
	0xFFD8F7FF,0xB1134B04,0xF3AF4804,0x23018000,
	0xBD107023,0x20407840,0x00000000,0x00404A40,
	0x4B05B508,0x4905B11B,0xF3AF4805,0xE8BD8000,
	0xF7FF4008,0xBF00BFCD,0x00000000,0x20407844,
	0x00404A40,0xB990F000,0x00004770,0xF640B537,
	0x4B0A32B8,0x6C5D4C0A,0x1AEB6823,0xD90A4293,
	0xFD30F000,0xF407A901,0xB920FDD9,0x9901200A,
	0xF4076025,0xB003FEB9,0xBF00BD30,0x50040000,
	0x2040785C,0x4B0CB507,0x6C5A480C,0x601A4B0C,
	0xFB94F468,0xF4072014,0xF000FDAB,0xA901FD13,
	0xFDBCF407,0x200AB918,0xF4079901,0x2000FE9D,
	0xF85DB003,0xBF00FB04,0x50040000,0x003FC19D,
	0x2040785C,0x4C08B510,0xF0116821,0xD1080101,
	0x20C82264,0xFCFCF000,0x2098F643,0xFFCCF003,
	0x2000E7F2,0xBF00BD10,0x5004A000,0xB5102300,
	0x6C914A08,0xD8054281,0x44216CD4,0xD9014281,
	0xBD10B258,0x2B053301,0x0254F102,0xF04FD1F1,
	0xE7F630FF,0x204079DC,0xF7FFB508,0x1C43FFE7,
	0x2254BF1B,0x20004B02,0x3000FB02,0xBF00BD08,
	0x204079DC,0x460CB510,0xB91AB1A1,0xF4072002,
	0xE005FCAB,0xFCB6F407,0xD1042802,0xFCC7F407,
	0xF0F4FBB0,0x2803BD10,0xF407D102,0xE7F7FCC3,
	0xE7EC2001,0xE7F54608,0x43F7E92D,0x23544699,
	0x4E342400,0xFB034605,0x635C6300,0x460F68CB,
	0x46902B20,0x2000D903,0xE8BDB003,0x280483F0,
	0xE8DFD80D,0x2B03F000,0x004B4035,0xF89AF000,
	0x46012201,0x20044604,0xFFC4F7FF,0x215461B0,
	0x0F01F1B9,0x238FBF08,0x6105FB01,0xF881BF08,
	0x2354302D,0x902EF881,0xFB03214C,0x4A1E6605,
	0xFB014643,0x46302205,0x94004639,0xF8AEF001,
	0xD1D02800,0x2001B2E4,0xE7CD6334,0xF878F000,
	0x46012201,0x20064604,0xFF9CF7FF,0xE7D666F0,
	0xF874F000,0x46012201,0x20084604,0xFF92F7FF,
	0x00C0F8C6,0xF000E7CB,0x2201F86F,0x46044601,
	0xF7FF200A,0xF8C6FF87,0xE7C00114,0xF86AF000,
	0xB1204604,0xF4072002,0xFBB0FC2F,0xF8C6F0F4,
	0xE7B40168,0x204079DC,0x20407860,0x47702000,
	0x47702000,0x47702000,0x47702000,0xB08BB530,
	0x4D0C466C,0xC40FCD0F,0x2210682B,0xA8062100,
	0xF0046023,0x4B08FC97,0x93054669,0xF88D2309,
	0x2314301C,0x9308AA05,0x23002004,0xFF6CF7FF,
	0xBD30B00B,0x00401418,0x50001094,0xF7FFB510,
	0x1E04FFD5,0x2401BF18,0xFFD2F7FF,0xF044B108,
	0xF7FF0402,0xB108FFCF,0x0404F044,0xFFCCF7FF,
	0xF044B108,0xF7FF0408,0xB108FFC9,0x0410F044,
	0xBD104620,0x88184B01,0xBF004770,0x20404A78,
	0x88184B01,0xBF004770,0x20404A76,0x88184B01,
	0xBF004770,0x20404A74,0x88184B01,0xBF004770,
	0x20404A72,0x88184B01,0xBF004770,0x20404A70,
	0xF406B510,0xF04FFE3B,0x210142A0,0x46086913,
	0x0303F023,0x0301F043,0x69136113,0x0310F043,
	0x4B0B6113,0x80192203,0xFC04F407,0x681C4B09,
	0x0401F014,0xF001D108,0x2801FF55,0x2264D004,
	0x20C84621,0xFBBCF000,0x4010E8BD,0xBE72F7FF,
	0x20404A70,0x5004A000,0xF000B508,0xE8BDF805,
	0x20014008,0xB90CF000,0xB5102300,0xF44F461A,
	0x209D71A2,0xF942F001,0x22302300,0x1143F240,
	0xF001209C,0x2300F93B,0x461A21D3,0xF00120A1,
	0x2300F935,0x461A21D8,0xF00120A6,0x2300F92F,
	0x2183F240,0x20AF461A,0xF928F001,0xF2402300,
	0x461A2183,0xF00120B1,0x2300F921,0x2183F240,
	0x20B0461A,0xF91AF001,0xF2402300,0x461A2183,
	0xF00120B2,0x2100F913,0xF00120AF,0x2100F963,
	0xF00120B0,0x2100F95F,0xF00120B1,0x2100F95B,
	0xF00120B2,0x2300F957,0x461A21EC,0xF00120C5,
	0x2300F8FD,0x719EF44F,0x20B4461A,0xF8F6F001,
	0x22302300,0x113BF240,0xF00120B3,0x2300F8EF,
	0x71A0F44F,0x20A1461A,0xF8E8F001,0x22302300,
	0x113FF240,0xF00120A0,0x2300F8E1,0xF2402230,
	0x20BF114F,0xF8DAF001,0x22302300,0x71A8F44F,
	0xF00120BE,0x2300F8D3,0xF2402230,0x20AB1151,
	0xF8CCF001,0x22302300,0x71A9F44F,0xF00120AC,
	0x2300F8C5,0xF2402230,0x2091117D,0xF8BEF001,
	0x22302300,0x1179F240,0xF0012092,0x2300F8B7,
	0xF44F2230,0x209371BD,0xF8B0F001,0x22302300,
	0x117BF240,0xF0012095,0x2300F8A9,0xF44F2230,
	0x209771BB,0xF8A2F001,0x22302300,0x71BCF44F,
	0xF0012098,0x2300F89B,0xF2402230,0x20991177,
	0xF894F001,0x22102300,0x71B2F44F,0xF001209B,
	0x2300F88D,0xF44F2210,0x209E71B3,0xF886F001,
	0x22102300,0x1167F240,0xF001209F,0x2300F87F,
	0xF2402230,0x20A21165,0xF878F001,0x21FC2300,
	0x20CA461A,0xF872F001,0x22302300,0x1151F240,
	0xF00120AB,0x2300F86B,0xF44F2230,0x20AC71A9,
	0xF864F001,0x21E82300,0x20B6461A,0xF85EF001,
	0x21FA2300,0x20C8461A,0xF858F001,0x22302300,
	0x20C421F6,0xF852F001,0x22302300,0x20BE21F0,
	0xF84CF001,0x22302300,0x20BF21F1,0xF846F001,
	0x4010E8BD,0x22102300,0x20C721F9,0xB83EF001,
	0x47704770,0x00004770,0x8F5FF3BF,0x6A5A4B33,
	0x3280F422,0xF8D3625A,0xF0222094,0xF8C30201,
	0xF3BF2094,0xF3BF8F4F,0x22008F6F,0xF8C34611,
	0x32012098,0xF8C32A08,0xD1F810A0,0x20C0F8D3,
	0x02FFF022,0x0222F042,0x20C0F8C3,0x20C0F8D3,
	0x427FF422,0x4288F442,0x20C0F8C3,0x20C0F8D3,
	0x027FF422,0x20C0F8C3,0xF8C32206,0xF8C31098,
	0x4A1B209C,0xF8C3491B,0x220120A0,0x2098F8C3,
	0xF8C34A19,0x4A19209C,0x20A0F8C3,0xF8C32202,
	0xF1022098,0xF8C35228,0x4A15209C,0x20A0F8C3,
	0xF8C32203,0xF8C32098,0x4912109C,0x10A0F8C3,
	0xF8C32104,0x49101098,0x109CF8C3,0xF8C3490F,
	0xF3BF10A0,0xF8C38F5F,0x6A5A2094,0x3280F442,
	0xF3BF625A,0xF3BF8F4F,0x47708F6F,0xE000ED00,
	0x004FFFE1,0x40000003,0x1C000006,0x1FFFFFE1,
	0x2A27FFE3,0x5FFFFFE5,0x203FC002,0x204FFFE3,
	0x4B2DB570,0x60A34C2D,0x3088F8D4,0x033FF043,
	0x3088F8C4,0x3088F8D4,0x0370F443,0x3088F8C4,
	0xFF70F7FF,0xFF70F7FF,0xF4136963,0xD1113300,
	0x8F4FF3BF,0x8F6FF3BF,0x3250F8C4,0x8F4FF3BF,
	0x8F6FF3BF,0xF4436963,0x61633300,0x8F4FF3BF,
	0x8F6FF3BF,0x69534A19,0x3380F413,0xF8C2D123,
	0xF3BF3084,0xF6438F4F,0xF8D274E0,0xF3C33080,
	0xF3C300C9,0x015B334E,0xEA034601,0xEA460604,
	0x39017581,0x5260F8C2,0x3B20D2F9,0x0F20F113,
	0xF3BFD1F2,0x69538F4F,0x3380F443,0xF3BF6153,
	0xF3BF8F4F,0xF0018F6F,0xF464FD59,0x4B04FC0B,
	0x601A4A04,0xBF00BD70,0x003FC000,0xE000ED00,
	0x20404A7C,0x017D7840,0xD048F8DF,0xF3804812,
	0xF7FF880A,0x4C11FF95,0x42AC4D11,0x6821DA09,
	0x68A36862,0xBFA23B04,0x50D058C8,0x340CE7FA,
	0x4B0CE7F3,0x42A34C0C,0x6819DA08,0x2000685A,
	0xBFA43A04,0xE7FB5088,0xE7F43308,0xFB44F003,
	0xE7FEE7FE,0x20406C40,0x20404C40,0x00404A54,
	0x00404A60,0x00404A60,0x00404A70,0x47702000,
	0xB5084770,0xFDA4F7FF,0xFFFAF7FF,0xFFA3F000,
	0xFD10F001,0xBF183801,0xF0002001,0x2003F843,
	0xFF08F406,0xF0032000,0x3800FA46,0x2001BF18,
	0x0000BD08,0x68134A02,0x60133301,0xBF004770,
	0x20407B80,0xB5704603,0xF242B1B8,0xF04F7510,
	0x42AB26E0,0xF5A3BF84,0xF242541C,0x69327310,
	0x2400BF98,0xBF884618,0x07D33C10,0xF405D508,
	0x4623FBC3,0xD1EC2C00,0xF405E001,0xBD70FBDB,
	0xFBD8F405,0x4770E7F5,0x4B05B508,0x005B695B,
	0xF001D502,0xBD08FBBD,0xFFF5F7FF,0xBF00E7FB,
	0x5000F000,0x4A03B920,0xF4236B93,0x63937300,
	0xBF004770,0x50016000,0xB4702104,0x6C466C82,
	0x021CF002,0x68036835,0x42294091,0xD013681C,
	0xD5110761,0x0692681A,0x681ABF5E,0x0204F022,
	0xE9D0601A,0xF0031311,0x2304021C,0x604B4093,
	0xBB136B43,0x4770BC70,0x40912102,0xD01E4229,
	0x0F02F014,0x6071D01B,0x681A6803,0xD4060694,
	0xF022681A,0x601A020A,0xF8802301,0x23003029,
	0x3028F880,0x2B006B03,0x6802D0E4,0x06916812,
	0xF890D403,0x2A012029,0xBC70D1DC,0x21084718,
	0xF202FA01,0xD0D5422A,0xD5D30722,0xF022681A,
	0x601A020E,0xE9D02201,0xF0031311,0xFA02031C,
	0x604BF303,0x64022300,0x3028F880,0x2029F880,
	0xE7BE6B83,0x42984B07,0x2340BF14,0x428B2360,
	0xE7FED800,0x031FF001,0x80130949,0x10C1EB00,
	0xBF004770,0x40080000,0xF10DB537,0x46040206,
	0xF7FF460D,0xB310FFE7,0xF8BD4A19,0x42943006,
	0x6DC2D01F,0x07D140DA,0x6D02D519,0x07D240DA,
	0xE7FED400,0xFA022201,0x65C3F303,0x46204629,
	0xFF40F002,0x46204629,0xFB56F406,0xDB062800,
	0x30082301,0x40834A0B,0x4300F043,0xB0036253,
	0x6CC2BD30,0x07D140DA,0x69C2D5F9,0x07D240DA,
	0xE7FED400,0xFA022201,0x64C3F303,0xBF00E7DE,
	0x50080000,0x50040000,0xB5704B0A,0x46044298,
	0xF103D004,0x42985380,0xE7FED00A,0x2500265D,
	0x4620B2A9,0xF7FF3501,0x42AEFFAF,0xBD70D2F8,
	0xE7F4263B,0x40080000,0x6803B510,0x681A4604,
	0xD50607D1,0x07D2689A,0x2201D503,0xF406605A,
	0x6823FCFE,0x0791681A,0x2202D504,0x605A4620,
	0xF812F003,0x681A6823,0xD5070752,0x0750689A,
	0x2204D504,0x605A4620,0xFCD1F406,0x681A6823,
	0xD5070711,0x0712689A,0x2208D504,0x605A4620,
	0xFCDCF406,0x681A6823,0xD50A05D0,0x4620689A,
	0x7280F422,0xF44F609A,0x68237280,0xF406605A,
	0x6823FCB7,0x0591681A,0x689AD50A,0xF4224620,
	0x609A7200,0x7280F44F,0x605A6823,0xFCA8F406,
	0x681A6823,0xD50A0552,0x4620689A,0x6280F422,
	0xF44F609A,0x68237280,0xF406605A,0xBD10FC99,
	0xB8CAF003,0x78184B01,0xBF004770,0x20404A80,
	0x4FF0E92D,0xE9CDB087,0x4B931203,0xF015681D,
	0xF0400501,0x4F91811B,0x8000F897,0x0F00F1B8,
	0x8117F040,0x703A2201,0x8010F3EF,0x8810F382,
	0x4320F5A3,0xF04168D9,0x60D90104,0x700A4988,
	0x8810F380,0x2A0068DA,0xF04FDAFC,0x691342A0,
	0x0303F023,0x0301F043,0xF8D26113,0xF3CAA014,
	0xF1BB3B02,0xD0050F07,0x31FFF04F,0x46082207,
	0xF800F407,0x46912200,0x92054B7A,0x1114F8D3,
	0xF36F2001,0xF44141DC,0xF8C32100,0xF8D31114,
	0xF0411114,0xF8C35100,0xF8D31114,0xF4211114,
	0xF8C33180,0xF8D31114,0xF8C31114,0xF8D31114,
	0xF36F1114,0xF8C3010F,0xF8D31114,0xF0411114,
	0xF8C301C8,0xF8D31114,0xF4411114,0xF8C33100,
	0xF7FF1114,0x9A05FF8D,0xF8D34B62,0x29001118,
	0x4E61DAFB,0x4118F8D3,0xF0246831,0xB1814400,
	0xF4062004,0xF241F94B,0x42843187,0x1A22BF8C,
	0x428A1B02,0xD9044B57,0x0901F109,0x0F0AF1B9,
	0x2300D1B3,0x48554621,0xF808F405,0x0F0AF1B9,
	0x4A53D121,0x33017813,0x2B04B2DB,0xD1017013,
	0x60332300,0x0F07F1BB,0x465AD006,0x2102F3CA,
	0x003FF00A,0xFF96F406,0x0900F04F,0xF8834B44,
	0xF1B89000,0xD10D0F00,0x0001F06F,0x8000F887,
	0xE8BDB007,0x46218FF0,0xF4072003,0xF04FF8D5,
	0xE7DF0801,0x93002301,0x22FA23C8,0x483D4619,
	0xFFD4F404,0xB11B9B03,0xF8C62302,0x93039000,
	0x9B046831,0x90E8F8DF,0xBF3C4299,0x60313101,
	0xF8D92901,0xF8DF3000,0xD94D80DC,0xF8D82902,
	0xD0192000,0xD20E42A2,0x29FA1AA1,0x4293D904,
	0x1A99D902,0xD83629FA,0x02C2EBC2,0x44223204,
	0x08D22502,0xD9F7E00C,0x29C81B11,0x4293D9F4,
	0x1AD1D2F2,0xE7EE29C8,0x32012501,0x08524422,
	0x0A00F04F,0xF8C84621,0x481F2000,0x5A00E9CD,
	0xFF94F404,0x0000F8D8,0x4000F8C9,0xFF96F406,
	0xF4062003,0x4604F8BB,0xF4062004,0xF8CDF8B7,
	0x4602A000,0x48154621,0xF4046833,0x9803FF7F,
	0xA000F887,0x210DE794,0x0242EB02,0xFB013208,
	0x25032204,0xE7D30912,0xE7D14622,0x30FFF04F,
	0xF06FE786,0xE7830002,0x5004A000,0x20407B94,
	0x20407B95,0x50090000,0x20407B90,0x00402E2C,
	0x20407B8C,0x00402E4E,0x00402E77,0x00402EBB,
	0x20407B84,0x20407B88,0x6802B138,0x6C132000,
	0x03FFF023,0x64114319,0x20014770,0xB5704770,
	0x6805B1C8,0x6018F99D,0x001CF99D,0xEA406CAC,
	0xEA4000C6,0xF99D23C3,0xF36F0010,0xEA430414,
	0xF99D2300,0xEA430014,0xEA431380,0xEA423242,
	0x43214181,0xBD7064A9,0x6803B118,0x60592000,
	0x20014770,0xB1304770,0x39016803,0x0113F3C1,
	0x62592000,0x20014770,0xB1184770,0x69186803,
	0x0001F000,0xB1204770,0x69536802,0x0301F043,
	0x47706153,0x460DB538,0xB1A84604,0x61DA6803,
	0xB10B6B43,0x47982001,0x619D6823,0xF7FF4620,
	0x2800FFE4,0x4620D0FA,0xFFE5F7FF,0xB10B6B63,
	0x47982000,0xBD382000,0xE7FC2001,0x6803B128,
	0x43C06858,0x0001F000,0x20014770,0xB1084770,
	0x68586803,0xB1204770,0x6D536802,0x238EF361,
	0x47706553,0xB1E8B570,0xF99D6805,0xF99D601C,
	0x6AAC0020,0x00C6EA40,0x6010F99D,0x0415F36F,
	0x20C6EA40,0x6014F99D,0x2006EA40,0x6018F99D,
	0x1086EA40,0x3343EA40,0x4282EA43,0x5141EA42,
	0x62A94321,0xB150BD70,0x681A6803,0xF042B121,
	0x20000201,0x4770601A,0x0201F022,0x2001E7F9,
	0xB1304770,0x20006802,0xF3616893,0x60930302,
	0x20014770,0xB1504770,0x681A6803,0xF042B121,
	0x20007280,0x4770601A,0x7280F022,0x2001E7F9,
	0xB57F4770,0x28004605,0x68C4D03D,0xF894B301,
	0x2B00306A,0xF994D037,0xF9946072,0xF994306E,
	0xF994106C,0x9603206D,0x6071F994,0xF9949602,
	0x96016070,0x406FF994,0xF7FF9400,0x68EBFF30,
	0x106AF893,0xF7FF4628,0x2000FF1F,0xBD70B004,
	0x3046F894,0xF994B1BB,0xF994604E,0xF994304A,
	0xF9941048,0x96032049,0x604DF994,0xF9949602,
	0x9601604C,0x404BF994,0xF7FF9400,0x68EBFF10,
	0x1046F893,0x2001E7DE,0xB57FE7E0,0x28004605,
	0x68C4D036,0xF994B1E1,0xF994616E,0xF994316A,
	0xF9941168,0x96032169,0x616DF994,0xF9949602,
	0x9601616C,0x416BF994,0xF7FF9400,0x68EBFEF0,
	0x1166F893,0xF7FF4628,0x2000FEDF,0xBD70B004,
	0x615CF994,0x3158F994,0x1156F994,0x2157F994,
	0xF9949603,0x9602615B,0x615AF994,0xF9949601,
	0x94004159,0xFED3F7FF,0xF89368EB,0xE7E11154,
	0xE7E32001,0x68C4B5F0,0x46174606,0xB36CB087,
	0xD82B2938,0x05C1EB01,0x7C23442C,0xF994B333,
	0xF994C018,0xF9943013,0xF9942012,0xF8CD1011,
	0xF994C010,0xF8CDC017,0xF994C00C,0xF8CDC016,
	0xF994C008,0xF8CDC015,0xF994C004,0x94004014,
	0xFF10F7FF,0x463A68F3,0x4630442B,0xF7FF7C19,
	0x3800FED9,0x2001BF18,0xBDF0B007,0xE7FB2001,
	0x4604B570,0x68C3B3E0,0xB3C9B3D3,0x5193F893,
	0xB3B52101,0xFEAFF7FF,0x21142200,0xF7FF4620,
	0x4620FFB9,0xFEE3F7FF,0x0501F010,0xE7FED000,
	0x2115462A,0xF7FF4620,0x4606FFAD,0x462AB120,
	0x46204629,0xFFA6F7FF,0x46202102,0xFE8CF7FF,
	0x46202101,0xFE8FF7FF,0x212B2200,0xF7FF4620,
	0xB16EFF99,0x46202101,0xFE85F7FF,0x21022200,
	0xF7FF4620,0x4620FF8F,0xFEB0F7FF,0xD0F52800,
	0xF7FFBD70,0x462AFE78,0x46202102,0xFF82F7FF,
	0xF7FF4620,0x462AFEAC,0x46202114,0xFF7AF7FF,
	0x4620B910,0xFEA3F7FF,0x7A1B68E3,0x2101B3AB,
	0x050FF003,0xFA01091B,0xB2DBF303,0x461DB10D,
	0x22002300,0x46202115,0x2505EA43,0xFF62F7FF,
	0xB1204606,0x46202200,0xF7FF4611,0x4629FF5B,
	0xF7FF4620,0x2102FE41,0xF7FF4620,0x2200FE44,
	0x46202103,0xFF4EF7FF,0xD0C12E00,0x46202101,
	0xFE39F7FF,0x21022200,0xF7FF4620,0x4620FF43,
	0xFE64F7FF,0xD0F52800,0x2502E7B2,0xB538E7D1,
	0x460D4604,0xFF6CF7FF,0x46204629,0xFEB1F7FF,
	0xB538BD38,0x460D4604,0xFF62F7FF,0x46204629,
	0xFEEBF7FF,0xB570BD38,0x28004604,0x68C3D03E,
	0xF8932101,0x2D005193,0xF7FFD03B,0x2200FE0C,
	0x46202102,0xFF16F7FF,0x4620BB88,0xFE3FF7FF,
	0x68E3B2C0,0xB10D79DD,0x0505EA20,0x21152200,
	0xF7FF4620,0x4606FF07,0x2200B120,0x46114620,
	0xFF00F7FF,0x46204629,0xFDE6F7FF,0x46202101,
	0xFDE9F7FF,0x21032200,0xF7FF4620,0xB16EFEF3,
	0x46202101,0xFDDFF7FF,0x21022200,0xF7FF4620,
	0x4620FEE9,0xFE0AF7FF,0xD0F52800,0x2000BD70,
	0xF7FFE7CF,0x462AFDD0,0x46202102,0xFEDAF7FF,
	0xD13E2800,0xF7FF4620,0xB2C6FE02,0x21142200,
	0xF7FF4620,0xB918FECF,0xF7FF4620,0xB2C5FDF8,
	0x79D968E3,0xEA26B109,0x22000101,0xEA414620,
	0x21152505,0xFEBEF7FF,0xB1204606,0x46202200,
	0xF7FF4611,0x4629FEB7,0xF7FF4620,0x2102FD9D,
	0xF7FF4620,0x2200FDA0,0x46202103,0xFEAAF7FF,
	0xD0C32E00,0x46202101,0xFD95F7FF,0x21022200,
	0xF7FF4620,0x4620FE9F,0xFDC0F7FF,0xD0F52800,
	0x462EE7B4,0xB530E7C2,0xB0874605,0x6803B1C0,
	0xF013681B,0xF04F0F01,0xD0130301,0x93042400,
	0x46214622,0xE9CD4623,0xE9CD4402,0xF7FF4400,
	0x4622FDB9,0x462821B9,0xFD84F7FF,0xBD30B007,
	0xE7FB2001,0xE7F94618,0x4605B570,0xB308B086,
	0x24006803,0x4621681E,0x0601F016,0x681ABF02,
	0x0201F042,0x2301601A,0xE9CD4622,0xE9CD4303,
	0x46234401,0xF7FF9400,0x4622FD95,0x462821AB,
	0xFD60F7FF,0x682AB926,0xF0236813,0x60130301,
	0xBD70B006,0xE7FB2001,0x47702000,0x43F8E92D,
	0x4690460E,0x4604461F,0xF0002800,0x2900809D,
	0x809AF000,0xFB06F406,0xF7FF6820,0x6933FFED,
	0xF8842100,0x68B33044,0x64A34605,0xF88468F3,
	0x051B102C,0x230264E3,0x3046F884,0xF8C46933,
	0x1E5A8008,0x41534253,0x302BF884,0x0F00F1B8,
	0x2F00D058,0x683BD056,0x3000F8C8,0x68FA68A3,
	0x2210605A,0x609A68A3,0x68A32280,0x68A360D9,
	0xF44F611A,0x68A35280,0x68A36159,0x68A36199,
	0x68A361D9,0x68A3621A,0xB1C06259,0x437FF06F,
	0xD0144298,0xF8942601,0x2B00302B,0x2E00D13D,
	0x4620D13D,0xFF80F7FF,0xF7FF4630,0x2032FA0B,
	0xFA08F7FF,0xF4064620,0x4605FAD3,0x2101E02F,
	0xF7FF4620,0x4B63FD18,0x462069A2,0xF04F429A,
	0xBF8C0200,0x46112101,0xFAC7F406,0xF89D4620,
	0xF4051020,0xF894F943,0xB12B3045,0xD1102B01,
	0x46202100,0xFD3FF7FF,0x46202101,0xFD23F7FF,
	0xE7C82600,0xD0DE2D00,0x437FF06F,0xD1C1429D,
	0x2B02E7D9,0x2101D1F0,0x2E00E7EB,0x6425D0CA,
	0xF885FA5F,0x2907F3C5,0x4507F3C5,0x4629464A,
	0xF0004640,0x4607F97D,0xB93860E0,0x46204601,
	0xFD01F7FF,0x7712E9C4,0xE01B2001,0x4629464A,
	0xF0004640,0x464AF981,0x46074629,0xF0004640,
	0x464AF98F,0x462963A0,0xF0004640,0x63E0F938,
	0x6803B108,0xB10F63A3,0x616764E7,0x302BF894,
	0x2000B113,0x83F8E8BD,0xD15F2E00,0xF7FF4620,
	0x6963FE5A,0x7F80F1B3,0x4632D92D,0x46202121,
	0xFD78F7FF,0x3028F894,0x4631B953,0xF8844620,
	0xF7FF602E,0x2107FE3E,0xF7FF4620,0xE7E0FCD2,
	0x46202101,0xFE35F7FF,0x702EF894,0xD1F22F01,
	0x4629464A,0xF0004640,0xB120F949,0x46204639,
	0xFFB2F405,0x4632E7E7,0x46204631,0xFF8AF405,
	0x602EF884,0xF894E7DF,0xB9333028,0x46204631,
	0x602EF884,0xFE0BF7FF,0x2101E7BB,0xF7FF4620,
	0xF894FE06,0x2F01702E,0x464AD112,0x46404629,
	0xF924F000,0x4639B120,0xF4054620,0xE7A8FF8D,
	0x46314632,0xF4054620,0xF884FF65,0xE7A0602E,
	0x46314632,0xF4054620,0xE79AFF5D,0x302EF884,
	0xBF00E797,0x03938700,0xB1BAB570,0x38694C0D,
	0xD8122805,0xF0112301,0xFA030F10,0xBF14F600,
	0x25004635,0x40833008,0x6822068A,0x431DBF48,
	0xEA224333,0x432B0303,0xBD706023,0x38C54C02,
	0xBF00E7E6,0x5004B0CC,0x5004B0D0,0xBFC82887,
	0x01433888,0x4A07B162,0x44132000,0x2010F833,
	0xD004428A,0x28103001,0xF04FD1F8,0x477030FF,
	0xE7F14A01,0x00401D4C,0x0040142C,0x43F8E92D,
	0x4614460D,0xB9184606,0x30FFF04F,0x83F8E8BD,
	0xBFCD2886,0x0900F04F,0x0901F04F,0xF1A04680,
	0x46480888,0xF88CF406,0x46074629,0x4630464A,
	0xFFCCF7FF,0xDBE71E05,0x4621464A,0xF7FF4630,
	0xF1B9FFA3,0xD1190F00,0xDD172ECA,0x06E04A14,
	0x3026F852,0x3505EA4F,0x43E0F423,0x0318F023,
	0xF043BF48,0x06A10308,0xF043BF48,0xF4050310,
	0x431D45E0,0x5026F842,0xE7C72000,0x4380F108,
	0xF8573B01,0xF0042023,0xF0220430,0x4314023F,
	0x050FF005,0xF044432C,0xF8470440,0xE7EB4023,
	0x5004AD88,0xB5702886,0xDD254604,0xDC1628CA,
	0xF1A02600,0x46300588,0xF842F406,0x4380F105,
	0xF8503B01,0x46321023,0x015FF021,0x010FF041,
	0x1023F840,0x46202100,0xFF56F7FF,0x4A08E00A,
	0x3020F852,0x43E0F423,0x030EF023,0x43E0F443,
	0x3020F842,0xBD702000,0x26014605,0xBF00E7DB,
	0x5004AD88,0xB5084770,0xFFFCF7FF,0x2000BD08,
	0x20004770,0x00004770,0x4604B5F8,0xB2C03801,
	0xD81628FD,0x4E0D2500,0x0B04F856,0xB9377807,
	0x2D063501,0x4620D1F8,0xFFEBF7FF,0x42A7E00D,
	0x7847D105,0xD1024297,0x428F7887,0x3008D003,
	0x2000E7EC,0xB103E001,0xBDF8701D,0x004034A4,
	0xF10DB507,0xF7FF0307,0x4B06FFD7,0xF44FB140,
	0xF89D7105,0xFB012007,0xB0033002,0xFB04F85D,
	0xE7FA4618,0x004036EC,0x2300B508,0xFFC4F7FF,
	0x6840B108,0xF44FBD08,0xE7FB2000,0x2300B508,
	0xFFBAF7FF,0x78C0B110,0x0001F000,0x0000BD08,
	0x2300B508,0xFFB0F7FF,0x78C3B130,0xF0034803,
	0x2B020306,0x2000BF18,0xBF00BD08,0x00FFC000,
	0x460CB410,0x461A4611,0x6983B138,0x4804B12B,
	0xF85D4420,0xF0034B04,0xF85DBA23,0x47704B04,
	0x20407B96,0x4B03B128,0xBF144298,0x4B022300,
	0x47706183,0x204E4000,0x20407B96,0x41F0E92D,
	0x4617460E,0x4604461D,0x6942B340,0x429A4B14,
	0x6980D124,0xB30DB310,0x4639462A,0xF0034430,
	0xB1D8F983,0x0800F04F,0x462A6821,0x46384431,
	0xF9F6F003,0x462A69A0,0x44304639,0xF974F003,
	0xF108B160,0x2B020301,0x0801F04F,0xE8BDD1EC,
	0x224741F0,0x48044903,0xBBB2F463,0x81F0E8BD,
	0xDBCBE123,0x004043AA,0x00403076,0x460EB570,
	0x46044615,0x227EB920,0x480B490A,0xFBA0F463,
	0xDC042D00,0x4907227F,0xF4634808,0x2300FB99,
	0x3302E9C4,0xF0254B06,0x60660503,0x61638225,
	0xBF00BD70,0x00404395,0x00402EE3,0x00402EEE,
	0xDBCBE123,0x47706001,0x4602B510,0x1402E9D0,
	0x0C200C0B,0xD0054283,0xF9B2D30A,0x44022010,
	0xE0041AD0,0xB2884061,0xF9B2B108,0xBD100010,
	0xE7FC1AC0,0x43F8E92D,0x46174688,0xB9204604,
	0x492C22A2,0xF463482C,0x4620FB63,0xF7FF8A26,
	0x1A36FFDB,0xB1FEB2B6,0xBF2842B7,0x68E34637,
	0x2010F9B4,0xEBA26860,0x42BA4213,0xEA4F463E,
	0xFA1F4513,0xEB00F983,0xD9104013,0x4641463A,
	0xF976F003,0x443D4629,0x4642463B,0xEA494620,
	0xF7FF4505,0x60E5FF3D,0xE8BD4630,0x464183F8,
	0xF966F003,0x3010F9B4,0x46294642,0x1B5B4620,
	0xFF2EF7FF,0x1010F9B4,0x19D21A6A,0x1B49D00E,
	0x68604441,0xF954F003,0x2010F9B4,0x1AAB2100,
	0x46201B52,0x4442443B,0xFF1AF7FF,0x3010F9B4,
	0xF4891AED,0x442F437F,0x03FFF083,0x4307EA43,
	0xE7D160E3,0x00404384,0x00402EE3,0x47F0E92D,
	0x46154688,0x4604469A,0xF240B928,0x4938125F,
	0xF4634838,0x4620FAFD,0xFF76F7FF,0xB3704607,
	0xF9B468A3,0x42852010,0xB285BF88,0xEBA26821,
	0x42AA4213,0xEA4F462F,0xFA1F4613,0xEB01F983,
	0xD91F4113,0x4640462A,0xF912F003,0x462B4642,
	0x46204631,0xFEFAF7FF,0xFC68F002,0xF1BA4680,
	0xD0050F00,0xF7FF4620,0x1B40FF4F,0x0000F8CA,
	0xEA49442E,0x60A64606,0xF0024640,0x4638FC5B,
	0x87F0E8BD,0xF0034640,0xF9B4F8F3,0x46423010,
	0x46311B9B,0xF7FF4620,0xF9B4FED9,0x68212010,
	0x1AB21B90,0x4440442A,0xF8E2F003,0x2010F9B4,
	0x1AB32100,0x44421B92,0x442B4620,0xFEC6F7FF,
	0xFC34F002,0xF1BA4680,0xD0050F00,0xF7FF4620,
	0x1B40FF1B,0x0000F8CA,0x3010F9B4,0xF4891AF6,
	0x4435437F,0x03FFF083,0x4305EA43,0xE7C360A3,
	0x00404364,0x00402EE3,0x7803B510,0xB1234604,
	0x490C2217,0xF463480C,0x7863FA83,0xD9042B07,
	0x49082218,0xF4634809,0x2148FA7B,0x4B087822,
	0xFB017860,0x695A3302,0x68512301,0x430B4083,
	0xBD106053,0x004043EF,0x00402EF7,0x00402F1A,
	0x204E0194,0x7803B510,0xB1234604,0x490C2222,
	0xF463480C,0x7863FA5D,0xD9042B07,0x49082223,
	0xF4634809,0x2148FA55,0x4B087822,0x3302FB01,
	0x7862695B,0x230168D8,0x40184093,0xBF00BD10,
	0x004043D8,0x00402EF7,0x00402F1A,0x204E0194,
	0x41F0E92D,0x4614460F,0xB9204680,0x4914223A,
	0xF4634814,0x2F07FA35,0x4E13D81E,0xEB062501,
	0x629C0387,0x6A732400,0x432B40BD,0xF8886273,
	0xF8884000,0x46227001,0xF9962103,0xF4050011,
	0xF996FD07,0xF4050011,0x4620FCDB,0x681A6973,
	0x601D4315,0x81F0E8BD,0x30FFF04F,0xBF00E7FA,
	0x004043C0,0x00402F40,0x204E0194,0x46034A08,
	0xB1607810,0x000AF1A3,0xD8072803,0xFB032330,
	0x7E102200,0xBF1838FF,0x47702001,0x47702000,
	0x20407D98,0x4604B5F8,0xD04A2800,0xFB7EF002,
	0x46844D25,0xB983782B,0x712B22FF,0x3034F885,
	0x3064F885,0x3094F885,0x762A2301,0x2048F885,
	0x2078F885,0x20A8F885,0x2600702B,0x37FFF04F,
	0x78204633,0x7E114A18,0xD0284288,0x29FFB926,
	0x461FBF04,0x060AF103,0x2B043301,0x0230F102,
	0x1C7BD1F1,0x2330D016,0xFB034622,0xF1045307,
	0x33180E18,0x6810461C,0x32086851,0x4572C403,
	0xD1F74623,0x68102330,0xFB032200,0x60205307,
	0x711A609A,0xF0024660,0x4630FB3D,0x2600BDF8,
	0x4606E7F8,0xBF00E7F9,0x20407D98,0x41F0E92D,
	0xF7FF4607,0x2800FF93,0xF002D047,0x2330FB27,
	0x8094F8DF,0x040AF1A7,0x8304FB03,0x4606791A,
	0xD1372A00,0x60DA69DA,0x611A6A1A,0x6A9BB1EA,
	0xD8042B1C,0x491A22DB,0xF463481A,0x2530F981,
	0x8504FB05,0x69286AAA,0xF1003A1C,0xB212011C,
	0xFDCCF7FF,0x6A696AAA,0x69283A1C,0x311CB212,
	0xFDE8F7FF,0xF7FF6928,0x2330FD7D,0xEB08435C,
	0x34140504,0x0004EB08,0x7E29463A,0xFF20F7FF,
	0xB9084604,0x712B2301,0xF0024630,0x4620FAEB,
	0x81F0E8BD,0x34FFF04F,0xF04FE7F6,0xE7F634FF,
	0x0040442E,0x00402F4C,0x20407D98,0x4604B570,
	0xF7FF4615,0xB190FF3B,0x2230B189,0x43543C0A,
	0x191A4B08,0xB1507910,0xB14068D0,0xB1326892,
	0x44233408,0xE8BDB2AA,0xF7FF4070,0x2000BE27,
	0xBF00BD70,0x20407D98,0x4FF7E92D,0x460E4604,
	0x461F4615,0xFF1AF7FF,0x2330B178,0x435C3C0A,
	0xA094F8DF,0x0904EB0A,0x3004F899,0xB941B12B,
	0x0014F104,0xF7FF4450,0x2000FE87,0xE8BDB003,
	0xF8D98FF0,0x2B003010,0xF001D0F7,0x3414FF19,
	0x030AEB04,0x46AA4680,0x0B00F04F,0xF1BA9301,
	0xD0210F00,0xF8D94631,0xFA1F0010,0xF7FFF28A,
	0x4582FD89,0xD2054604,0x72F1F44F,0x480D490C,
	0xF8EEF463,0x0A04EBAA,0xB1144426,0xF7FF9801,
	0xF001FE5B,0x4540FEF5,0xF001D004,0x4680FEF1,
	0x0B01F10B,0xD3DA45BB,0x000AEBA5,0xBF00E7C6,
	0x0040441E,0x00402F81,0x20407D98,0x4C13B5F8,
	0xB3057825,0xFA5AF002,0x46062700,0xB94B7923,
	0x2F043701,0x0430F104,0x4630D1F8,0xFA52F002,
	0xBDF84628,0x0014F104,0xFE54F7FF,0x7923B948,
	0xD0ED2B00,0x28006920,0xF7FFD0EA,0x2800FD2D,
	0x2500D0E6,0x2501E7E9,0xBF00E7EA,0x20407D98,
	0x4C0CB570,0xB19B7823,0x2600250A,0xB1537923,
	0x71264628,0xFEFAF7FF,0xF240B128,0x49062235,
	0xF4634806,0x3501F895,0xF1042D0E,0xD1ED0430,
	0xBF00BD70,0x20407D98,0x00404408,0x00402F97,
	0x4605B570,0xFE7AF7FF,0x2330B1A8,0xF1A54C0A,
	0xFB03060A,0x791A4306,0x68D8B16A,0xF7FFB108,
	0x2330FCF3,0x4406FB03,0x460160A0,0x46286AE3,
	0x4070E8BD,0xBD704718,0x20407D98,0xB5102907,
	0xD904460C,0x490B2234,0xF463480B,0x4B0BF861,
	0x40E26A5A,0xD50407D2,0xD1032C06,0xF41F6C18,
	0xBD10F92F,0x0384EB03,0xE8BD6A98,0xF7FF4010,
	0xBF00BFC7,0x0040443D,0x00402F27,0x204E0194,
	0xF001B508,0x4803FFA1,0xFA62F405,0x4008E8BD,
	0xBFB2F001,0x20404A84,0x4A06B508,0x69534806,
	0x5300F043,0xF4636153,0x4804F887,0xF86EF464,
	0xBD082000,0x5000F000,0x003FE0E1,0x003FE101,
	0x4C06B510,0x005B6963,0x2001D406,0xF86AF405,
	0xF0436963,0x61635380,0xBF00BD10,0x5000F000,
	0x4C06B510,0x005B6963,0x2001D406,0xF85AF405,
	0xF0436963,0x61635380,0xBD102001,0x5000F000,
	0xF001B508,0x4809FF61,0xFCEAF464,0xF4644808,
	0x4808FCE7,0xFCE4F464,0x1279F240,0x48074906,
	0xFFF6F462,0x4008E8BD,0xBF66F001,0x00402FA0,
	0x00402FA9,0x00402EB9,0x0040445D,0x00403076,
	0xF04F2200,0xB51030FF,0x00934907,0x4360F103,
	0x4361F503,0x3201681C,0xF8412A10,0xF8C34B04,
	0xD1F20080,0xBF00BD10,0x20407FD0,0x4A052300,
	0xF8524905,0xF8410B04,0x33010023,0xD1F82B10,
	0xBF004770,0x20407FD0,0xE000E100,0x47702000,
	0x47704770,0x4B06B508,0x68182200,0xF4632120,
	0xF04FFB37,0x691322E0,0x0303F043,0xBD086113,
	0x2040801C,0x4FF7E92D,0x22E0F04F,0x25006913,
	0x0303F023,0xF04F6113,0xF44F7200,0x4B255400,
	0x90A4F8DF,0x4B24605A,0x601D460F,0xF8D94B23,
	0x6C5A6000,0x94014B22,0x4B22605A,0x07DB681B,
	0xF44FD50D,0xF8D67B7A,0xF8DAA044,0x45A08004,
	0xBB65DB14,0xDD1D45A0,0x8004F8CD,0x211FE01A,
	0xAA014630,0xFAFCF463,0x64B39B01,0xF8D94639,
	0xF0010000,0xB003FCDB,0x8FF0E8BD,0x0008F8DA,
	0xFBA04622,0x17E3010B,0xFF1EF002,0xD80B4287,
	0x9401B105,0x9B016CB2,0xD0E7429A,0x4630211F,
	0xF463AA01,0xE7E1FADD,0x10642501,0x9401E7CF,
	0xBF00E7D0,0xE000ED00,0x20407E5C,0x50040000,
	0x20407FA0,0x5004A000,0x2040801C,0xB5082901,
	0x2000D801,0xF7FFBD08,0xB908FE71,0xE7F92007,
	0xFFACF41E,0xD0F92800,0x6A1A4B02,0x421A69DB,
	0xE7F3D0EF,0x50040000,0x00004770,0x4B19B530,
	0xF3826C5A,0x6CDA8810,0x8811F382,0xF3826C9A,
	0x6D1A8813,0x8814F382,0xF3826D9A,0x6DDA8809,
	0x880BF382,0xF3826D5A,0x6E1A8808,0x880AF382,
	0x4A0D2101,0x6D9D6011,0x240FE9D3,0x8800F384,
	0x8400F384,0x8809F385,0xB4024611,0xC9014619,
	0x4608B401,0x1FFEE8B0,0xE004F8D0,0xBD00BC01,
	0xBF00BD30,0x20408024,0xE000E100,0xF006B508,
	0xBD08FA85,0x78184B01,0xBF004770,0x20407FC0,
	0x4C19B510,0xFF04F7FF,0x69E36A22,0xD003421A,
	0x4010E8BD,0xBF12F7FF,0xF0236AA3,0x62A30310,
	0x69E36A22,0xD004421A,0xF0436AA3,0x62A30310,
	0x4B0EE7EE,0xF4046818,0x2201FEC1,0x601A4B0C,
	0xBF00BF30,0xBF00BF00,0xBF00BF00,0xBF00BF00,
	0xBF00BF00,0x6AA3BF00,0x0310F043,0x682362A3,
	0x0303F023,0xE7D36023,0x50040000,0x20408010,
	0xE000E100,0xF7FFB538,0x4B26FECB,0xF409B13B,
	0xB120FC59,0xFEDAF7FF,0x30FFF04F,0x4C22BD38,
	0x69E36A22,0xD1F5421A,0xF0236AA3,0x62A30310,
	0x69E36A25,0xD004401D,0xF0436AA3,0x62A30310,
	0x4629E7E8,0xF7FE2002,0xF006F96C,0x2201FA07,
	0x601A4B16,0xF0436C23,0x64230302,0x68184B14,
	0xFE68F404,0xBF00BF30,0xBF00BF00,0xBF00BF00,
	0xBF00BF00,0xBF00BF00,0x6C23BF00,0x0302F023,
	0x6AA36423,0x0310F043,0x682362A3,0x0303F023,
	0xF0066023,0x4628F9EF,0xF942F7FE,0xFC04F409,
	0xBF00E7B8,0x00007C85,0x50040000,0xE000E100,
	0x20408014,0x4C0FB510,0x069A69E3,0xF006D406,
	0x69E3FA2B,0xD40B069B,0xBD102000,0x2B004B0A,
	0xF000D0F5,0x2800FA31,0xF04FD0F1,0xE7F430FF,
	0x68234C06,0xD0EF2B00,0xFA28F000,0x60232300,
	0xBF00E7EA,0x50040000,0x003FE8F9,0x20407FC8,
	0x2100B508,0xF4042002,0x2100FDCF,0xF4042005,
	0x2100FDCB,0xF4042006,0xE8BDFDC7,0x21004008,
	0xF4042007,0x0000BDC1,0x4C19B513,0xB99B6823,
	0xF4634818,0x6020F9C1,0xF44FB170,0x21035300,
	0xF4639301,0x211FFA8F,0xAA016820,0xF990F463,
	0x68204911,0xFB64F463,0x21FC2200,0xF002480F,
	0x2001FB61,0xF002490E,0x490EFBA1,0xF0022000,
	0xF7FFFB19,0x4B0CFFC5,0x6C5B4C0C,0xF46660A3,
	0x2301FBC5,0x200060E0,0xB0027023,0xBF00BD10,
	0x2040801C,0x00402FF0,0x003FE1AD,0x20404A90,
	0x004044AC,0x004044A0,0x50040000,0x20407FA0,
	0x00004770,0x41F0E92D,0x4B34460C,0x60194D34,
	0x48346C6A,0xF4643C02,0x2C03FABB,0xE8DFD805,
	0x4D56F004,0xF7FF020E,0x4B2DFFEB,0x6C59482E,
	0x4B2E6A1A,0xE8BD601A,0xF46441F0,0x2009BAA9,
	0xFD5AF001,0x68454604,0x0804F100,0xD1234545,
	0xFF58F7FF,0x4B264F22,0x46066C7A,0x619A4825,
	0xF952F463,0xB1184605,0x21012204,0xF928F463,
	0x48216C3B,0x0301F023,0xF404643B,0xB91EF95D,
	0xFB6CF001,0xFB2CF001,0x45446864,0xF7FFD10C,
	0xF41FFCEF,0xE7C8F825,0x000CF1A5,0x21022204,
	0xF90EF463,0xE7D1682D,0x000CF1A4,0xD0034285,
	0x21012204,0xF904F463,0xE7E66824,0xFECAF7FF,
	0x4B0B6C6A,0x619A2800,0xE8BDDBAF,0xF7FF81F0,
	0x6C6AFE87,0x619A4B06,0xBF00E7A7,0x20407FCC,
	0x50040000,0x00402FF7,0x00403008,0x20407FC4,
	0x20407FA0,0x00403004,0x50080000,0x4B25B538,
	0x2C00781C,0x689CD043,0x7A23EDDF,0xEE071B0C,
	0xEEB84A10,0xEE277A47,0xEEC77A27,0xED937A00,
	0xEE777A04,0xEEBC7A87,0xEE177AE7,0x68DC5A10,
	0x42A0442C,0xEDDFD108,0xEEF46A19,0xEEF17AE6,
	0xDC0EFA10,0xBD384620,0x2D001A25,0x2A01DA09,
	0x4604D007,0x7A12ED9F,0x7A12EDDF,0x320169DA,
	0xEEB861DA,0xEE777A47,0xEEB77AC7,0xEEF47A00,
	0xEEF17AC7,0xEDC3FA10,0xE9C37A04,0xD4E11402,
	0x224AF640,0x48094908,0xFD1AF462,0x4604E7DA,
	0xBF00E7D8,0x20407FA0,0x447A0000,0x476A6000,
	0x00000000,0x00000000,0x00404474,0x00403012,
	0xED2DB570,0xF4048B02,0xEEB0FDCD,0x4B148A40,
	0x69994A14,0x42886C50,0xF44FD0FC,0x6C56717A,
	0x4D11685B,0xFBA31AF3,0xF0020101,0xEE07FC5F,
	0xEEC70A10,0xEEFC7A08,0xEDC57AE7,0xF4667A00,
	0x4604FAB5,0xEEB06828,0x22000A48,0x44204631,
	0xFF7CF7FF,0x60281B00,0x8B02ECBD,0xBF00BD70,
	0x20407FA0,0x50040000,0x20407E5C,0x60D84B01,
	0xBF004770,0x20407FA0,0x00004770,0xB5382201,
	0xF8C34B10,0xF3BF2080,0xF3BF8F4F,0x4C0E8F6F,
	0x6823480E,0x0303F023,0x6A256023,0x2519F36F,
	0x4300F045,0x4B0A6263,0xF4646819,0x6A20F999,
	0x407CF020,0x00FFF020,0xF8AAF001,0xF7FF4628,
	0xBD38FFDB,0xE000E100,0x50040000,0x00403032,
	0x20407FC4,0xF001B508,0xF7FFFBF7,0xE8BDFFCF,
	0xF0014008,0x0000BC09,0x2001B513,0xFCBAF000,
	0xFBE4F463,0x68184B1F,0x0001F010,0xF462D105,
	0xF7FEFB35,0xF462F9F7,0x2003FB07,0xFB32F462,
	0x230E2400,0x49194A18,0xE9C24610,0x75134407,
	0xF990F002,0xF4664816,0xF460F861,0xF000FD1D,
	0xF405FB13,0x230BFA5B,0x3006F88D,0xF8F0F466,
	0x3035F890,0x3007F88D,0xF8EAF466,0x0206F10D,
	0xF4652102,0x4620FEBF,0xF9D6F409,0xF8E0F466,
	0xF10D2102,0xF4650207,0xF000FEB5,0x4620FCAF,
	0xBD10B002,0x5004A000,0x20408088,0x004044B4,
	0x000086BD,0x4B0FB510,0x69D84602,0xF010460C,
	0xD0060020,0x429A4B0C,0x2901D111,0xF409D902,
	0xBD10FF87,0xF4644809,0x4621F91B,0xF4644808,
	0x4808F917,0xF914F464,0x30FFF04F,0x2000E7F1,
	0xBF00E7EF,0x50040000,0x20408088,0x00402FA0,
	0x00403040,0x00402EB9,0xBA92F409,0xF405B508,
	0xF409FA05,0x2000FA63,0xFC3CF000,0x4008E8BD,
	0xBC6CF000,0x20004770,0x20004770,0x00004770,
	0x47704800,0x00404564,0x41F3E92D,0x4616460D,
	0x46074698,0xF240B928,0x491A22C5,0xF462481A,
	0xB92DFBF7,0x22C6F240,0x48184916,0xFBF0F462,
	0x230A4C17,0x4639462A,0xE9C46820,0xE9C46801,
	0xF7FF7503,0x4285FAB9,0x6160D911,0xB9486AE0,
	0x46022304,0x490F9300,0x480F2332,0xFA56F466,
	0xB16062E0,0xE8BDB002,0xF00141F0,0xB136BC2D,
	0x46332100,0xB00268A0,0x41F0E8BD,0xB0024718,
	0x81F0E8BD,0x0040453B,0x0040305F,0x0040306E,
	0x204E2E4C,0x003FEB59,0x00403078,0x4C1DB570,
	0x68234606,0x4283460D,0xF240D005,0x491A3203,
	0xF462481A,0x6A21FBAD,0xE9D4B1B1,0x42AA2309,
	0xD8134419,0xF7FF4630,0x6A63FA59,0xD0054283,
	0x7245F44F,0x48124910,0xFB9AF462,0x69A32100,
	0xB10B6221,0x479869E0,0xBD702000,0x4630462A,
	0xFA44F7FF,0xD0054285,0x7248F44F,0x48094906,
	0xFB86F462,0x1B5B6A63,0x6AA36263,0x62A3442B,
	0xBF00E7EA,0x204E2E4C,0x004044D9,0x0040307F,
	0x00403097,0x004030B0,0x47F0E92D,0x4616460C,
	0xF04F4698,0x46070A00,0xF240B928,0x491F227B,
	0xF462481F,0xB92CFB65,0x721FF44F,0x481D491B,
	0xFB5EF462,0xF240B92E,0x4918227D,0xF462481A,
	0xF001FB57,0x4D19FCE3,0x46224681,0x68284639,
	0xFA04F7FF,0xD01C4284,0xF04FD914,0x1A240A00,
	0x6806E9C5,0x4009E9C5,0x4648622F,0xFCD2F001,
	0x0F00F1BA,0xB17ED010,0x46334640,0x47F0E8BD,
	0x47182100,0x2299F240,0x48094904,0xFB30F462,
	0xF04FE7EB,0xE7E80A01,0x87F0E8BD,0x00404531,
	0x0040305F,0x0040306E,0x004030BC,0x204E2E4C,
	0x00403076,0x4812B510,0xFEBEF462,0x60204C11,
	0xF240B1D8,0x8AC32203,0x1103F240,0x7F00F413,
	0x4611BF18,0xBF4C051B,0x6100F441,0x6180F441,
	0xFF80F462,0xF640B128,0x4907027B,0xF4624807,
	0x4907FAFF,0xF4636820,0x4806F871,0xBF00BD10,
	0x004030CD,0x204080C8,0x0040450A,0x004030D3,
	0x003FEC11,0x00404584,0x4C0FB570,0xE9D4230A,
	0x68E05104,0x462A1A6D,0x68204401,0xF9B4F7FF,
	0xD9084285,0x44036963,0x61636AE0,0xE8BDB150,
	0xF0014070,0x6863BB31,0x68A0B123,0xE8BD2100,
	0x47184070,0xBF00BD70,0x204E2E4C,0xF44F2300,
	0xB5107200,0x4C13B088,0x3004F88D,0x93079205,
	0x4B124A11,0x2203E9CD,0xF1029306,0xF894621D,
	0xF5023030,0x920232DF,0xA801B983,0xF8BAF7FF,
	0xB9286020,0x02AEF640,0x480A4909,0xFAA8F462,
	0xF7FF6820,0x2301F903,0x3030F884,0xB0084806,
	0xBF00BD10,0x204E2E4C,0x204E4000,0x003FE9BD,
	0x004044E5,0x004030E4,0x00404574,0x00004770,
	0x4C0EB538,0x6823460D,0xD0054283,0x7212F44F,
	0x480C490B,0xFA84F462,0x429D68E3,0xF240D005,
	0x49072249,0xF4624808,0x6863FA7B,0x2100B123,
	0x479868A0,0x60632300,0xBD382000,0x204080C8,
	0x004044F9,0x00403112,0x00403125,0x47702001,
	0x47702001,0x47702001,0x47702000,0x47702000,
	0x47704770,0x00004770,0x47F0E92D,0x9020F8DD,
	0x4615460F,0xF04F461E,0x46040A00,0xF240B928,
	0x492412D9,0xF4624824,0xB92FFA4B,0x72EDF44F,
	0x48224920,0xFA44F462,0xF240B92D,0x491D12DB,
	0xF462481F,0xB92EFA3D,0x72EEF44F,0x481D4919,
	0xFA36F462,0xB9336823,0x4648B1FE,0xE8BD4633,
	0x210047F0,0xF0014718,0x462BFBB9,0x463A4680,
	0x68202100,0xFF30F462,0xD0174285,0xF04FD90F,
	0x1A2D0A00,0x6906E9C4,0x5009E9C4,0x46406227,
	0xFBA8F001,0x0F00F1BA,0xE8BDD1DE,0xF24087F0,
	0x490412F7,0xF4624808,0xE7F0FA0B,0x0A01F04F,
	0xBF00E7ED,0x00404527,0x0040313B,0x0040305F,
	0x0040306E,0x004030BC,0x00403076,0x9300B507,
	0x460A4613,0x48034601,0xFF96F7FF,0xF85DB003,
	0xBF00FB04,0x204080C8,0x41F0E92D,0x8018F8DD,
	0x4616460F,0x4604461D,0xF240B928,0x49172206,
	0xF4624817,0xB92EF9DD,0x7202F44F,0x48154913,
	0xF9D6F462,0xB9296821,0x4640B1F5,0xE8BD462B,
	0x471841F0,0x5801E9C4,0x7603E9C4,0x8018F8B1,
	0xF028463A,0x830B0340,0x46336820,0xF4622100,
	0x6823FF4F,0x8018F8A3,0x8B196823,0x6100F411,
	0xB10DD102,0xE7E168A0,0x81F0E8BD,0x0040451C,
	0x0040313B,0x0040306E,0x9300B507,0x460A4613,
	0x48034601,0xFFB8F7FF,0xF85DB003,0xBF00FB04,
	0x204080C8,0x4604B510,0x2801B148,0xF640D005,
	0x490402E4,0xF4624804,0x4620F993,0x2402BD10,
	0xBF00E7FB,0x004044CC,0x00403076,0x2000B538,
	0xFFE8F7FF,0xF8554D11,0x47983020,0xB9284604,
	0x2257F640,0x480F490E,0xF97AF462,0x46202100,
	0xF838F462,0xF7FF2001,0xF855FFD5,0x47983020,
	0xB9284604,0x225EF640,0x48064905,0xF968F462,
	0xE8BD4620,0x21014038,0xB824F462,0x00404548,
	0x004044C0,0x00403147,0xF460B508,0xF7FFF875,
	0xBD08FFCD,0xF8D34B0C,0xF04220A0,0xF8C30201,
	0xF8D320A0,0xF36F20B0,0xF8C32293,0xF8D320B0,
	0xF42220B4,0xF8C3627C,0xF8D320B4,0xF44220B4,
	0xF8C36280,0x477020B4,0x50084000,0x4C09B510,
	0xB9286820,0xFE58F404,0xFBB04B07,0x6020F0F3,
	0x13ABF642,0xF44F4358,0xFBB0737A,0xB280F0F3,
	0xBF00BD10,0x204080F8,0x000F4240,0xF8D34B20,
	0xF01220D8,0xD03A000F,0x10B0F8D3,0xF4213001,
	0xF8C35170,0xF8D310B0,0xEA4110B0,0xF8C32180,
	0xF8D310B0,0xF3C210B0,0xF4211001,0xF8C34140,
	0xF8D310B0,0xF3C210B0,0xEA411283,0xF8C33180,
	0xF8D310B0,0xF42110B0,0xF8C32170,0xF8D310B0,
	0xEA4110B0,0xF8C34202,0xF8D320B0,0xF42220B4,
	0xF8C3627C,0xF8D320B4,0xF44220B4,0xF8C36280,
	0xF8D320B4,0xF02220A0,0xF8C30201,0x477020A0,
	0x50084000,0x251CB5F8,0x4E114345,0x19744F11,
	0x4D115177,0x5C2D75A1,0x75254810,0x0085EB00,
	0x200060A0,0x60E074A2,0x822374E0,0x4B0C2202,
	0x4620605A,0xFD53F404,0x22B6B120,0x480A4909,
	0xF8BEF462,0xE8BD4620,0x210140F8,0xBD0AF404,
	0x204080FC,0x5001B000,0x004045BC,0x5001B090,
	0xE000E100,0x004045B1,0x0040314A,0xF8D34B07,
	0xF3C2209C,0x0512030B,0xF483BF44,0xF083637F,
	0xB113030F,0x68124A02,0x47706013,0x50084000,
	0x20404ABC,0x4B1AB510,0xF000681C,0x07A1FFED,
	0x4818D504,0xFD12F404,0xFF68F7FF,0xD5040762,
	0xF4044815,0xF7FFFD0B,0x06E3FF61,0x4813D504,
	0xFD04F404,0xFF26F7FF,0xD50406A0,0xF4044810,
	0xF7FFFCFD,0x0661FF1F,0x480ED502,0xFCF6F404,
	0xD5020622,0xF404480C,0x07E3FCF1,0x480BD504,
	0xFCECF404,0xFFBAF7FF,0x4010E8BD,0xBFD4F000,
	0x5001B000,0x204080FC,0x20408118,0x20408134,
	0x20408150,0x2040816C,0x20408188,0x204081A4,
	0x251CB5F8,0x46174345,0x4A124E11,0x51721974,
	0x75A14A11,0x20055C12,0x4A107522,0x681274E0,
	0x60A22021,0x46112200,0x74A760E2,0xF4048223,
	0x4620FB1F,0xFCC3F404,0x22F5B120,0x48094908,
	0xF82EF462,0xE8BD4620,0x210140F8,0xBC7AF404,
	0x204080FC,0x5001B000,0x004045BC,0x20404ABC,
	0x004045A3,0x0040314A,0x4604B5F8,0x4360201C,
	0x4F194E18,0x50371835,0x4F194818,0x75A95D00,
	0x1F207528,0x7020F857,0x60AF74AA,0x822B4F15,
	0x0020F857,0x200560E8,0x220274E8,0x605A4B12,
	0xF4044628,0xB128FC8C,0x1211F240,0x4810490F,
	0xFFF6F461,0x46282101,0xFC44F404,0x435C231C,
	0x7D101932,0x59312201,0x688B4082,0x0302EA23,
	0xBDF8608B,0x204080FC,0x5001B000,0x004045BC,
	0x20404AB4,0x20404AAC,0xE000E100,0x00404594,
	0x0040314A,0x2038B510,0xFCC4F404,0xFE96F7FF,
	0x46032200,0x4610212E,0xFEECF7FF,0xFE8EF7FF,
	0x46032200,0x2001212F,0xFEE4F7FF,0x22012300,
	0x2002212E,0xFEDEF7FF,0x22012300,0x2003212F,
	0xFED8F7FF,0x21552300,0x2004461A,0xFF94F7FF,
	0x22012300,0x20052155,0xFF8EF7FF,0x4010E8BD,
	0x21692300,0x2006461A,0xBF52F7FF,0x6280F04F,
	0xF8C34B0B,0xF8D32554,0xF0422558,0xF44262C0,
	0xF8C33240,0xF8D32558,0xF0422550,0xF8C30201,
	0xF8D32550,0xF0422950,0xF8C30201,0x47702950,
	0x50090000,0x00004770,0x4FF8E92D,0x8028F8DD,
	0x469A460E,0xF0014614,0x270CF909,0x23004605,
	0x90C8F8DF,0xB0C8F8DF,0x1000F8B9,0xDC354299,
	0xD1052920,0x12B1F240,0x48294928,0xFF68F461,
	0xF8B9230C,0x437B7000,0x3003F93B,0xD0053301,
	0x12B3F240,0x48234921,0xFF5AF461,0x435F230C,
	0x0207EB0B,0x6007F82B,0xF3C48853,0xF36F040D,
	0x2E9F030E,0x0403EA44,0x3000F8B9,0xA004F8C2,
	0xF8C28054,0xBFC88008,0xF1034A17,0xF8A90301,
	0xBFC23000,0x33018813,0xE0148013,0xF003FB07,
	0x0200EB0B,0x0000F93B,0xD00142B0,0xE7BD3301,
	0x45536853,0x8853D10C,0x030DF3C3,0xD10742A3,
	0x45436893,0x4628D104,0xF8B4F001,0xE0032000,
	0xF0014628,0x2007F8AF,0x8FF8E8BD,0x004045E1,
	0x00403153,0x00403177,0x204081E8,0x204081EA,
	0x204E0238,0xF001B5F8,0x2600F899,0x4C0E4605,
	0x883B4F0E,0xD80442B3,0xE8BD4628,0xF00140F8,
	0x78E3B891,0xD50B065B,0x3000F9B4,0xDD072B5F,
	0x22002023,0xF4042105,0x2023F9DB,0xF9B0F404,
	0x3601340C,0xBF00E7E5,0x204E0238,0x204081EA,
	0x460CB5F8,0xF872F001,0x46052100,0x4E1D220C,
	0x88334F1D,0xDC04428B,0xF0014628,0x2000F86B,
	0xFB02BDF8,0xEB00F001,0x5E380C07,0xD00142A0,
	0xE7EF3101,0x428B3B01,0xFB02BF1E,0xCA077203,
	0x0007E88C,0x4353220C,0x18F958FA,0x4200F002,
	0x4212EA6F,0x4202EA6F,0x230050FA,0xE9C12C9F,
	0xDD0B3301,0x88234C09,0xF44FB92B,0x490872F2,
	0xF4614808,0x8823FEAD,0x80233B01,0x3B018833,
	0xE7C98033,0x204081EA,0x204E0238,0x204081E8,
	0x004045F6,0x00403187,0x47FFE92D,0x4614460E,
	0xF0002800,0x6BC380D2,0xF0002B00,0x295F80CE,
	0x2500DC19,0x81CCF8DF,0x2C019101,0x8096F040,
	0xF814F001,0x0A00F04F,0x200C4607,0xF8DF4B60,
	0x881991AC,0xDB1D458A,0xF0014638,0x2006F80B,
	0xE8BDB004,0x299F87F0,0xF1A1DC06,0x25000360,
	0x8194F8DF,0xE7E09301,0x0560F101,0x2D05B2ED,
	0xF240D905,0x4953220E,0xF4614853,0xF04FFE61,
	0xE7D20800,0xF30AFB00,0x0209EB03,0x3003F939,
	0xD002429E,0x0A01F10A,0x8853E7D4,0xF3C32200,
	0x2B04030D,0xE8DFD808,0x2403F003,0x002E2B28,
	0x93032302,0x93024B45,0x0F00F1B8,0x4640D026,
	0xF403A901,0x2E5FFAFB,0x2023DD07,0x21052200,
	0xF91EF404,0xF4042023,0x230CF8F3,0x930AFB03,
	0xF04278DA,0x70DA0240,0xF0004638,0x2000FFBB,
	0x2301E7AE,0x4B369303,0x4B36E7DD,0xE7DA9203,
	0x92034B35,0x4B35E7D7,0xE7D49203,0xF4004628,
	0x1E04FE9F,0xF240DA05,0x492A2256,0xF4614830,
	0x4B30FE0F,0x0201F004,0x230C555A,0xFB032201,
	0xF899990A,0x01E43003,0x033FF003,0x0440F044,
	0x4B29431C,0x555A2105,0x22002023,0x4003F889,
	0xF8DEF404,0xF4042023,0xE7C5F8B3,0xF000BB54,
	0x4622FF7D,0x240C4607,0xF8B34B15,0x4B1FC000,
	0xDB074562,0x0F00F1B8,0x4640D011,0xF4039901,
	0xE7B1F9D9,0xF002FB04,0x5E1818C1,0xD0014286,
	0xE7ED3201,0xF02378CB,0x70CB0340,0x2201E7EA,
	0x49134B11,0x8005F803,0x40AA680B,0x0302EA23,
	0xE799600B,0x0005F06F,0x2001E74A,0xBF00E748,
	0x204081EA,0x0040460C,0x0040319F,0x10110000,
	0x10210000,0x10310000,0x10410000,0x10510000,
	0x004031B6,0x204081E2,0x204081DC,0x204E0238,
	0x204081D8,0x40080000,0x50080000,0xB138B510,
	0xB1CC6BC4,0xDC05295F,0xB289480C,0xFB06F403,
	0xE0114604,0xDC03299F,0x48093960,0xE7F5B289,
	0xB2C83160,0xFE14F400,0xDA051E04,0x72A0F44F,
	0x48054904,0xFD84F461,0xBD104620,0x40080000,
	0x50080000,0x004045D2,0x004031C5,0xB1A0460B,
	0xB1916BC1,0xB2D22B5F,0x4808DC03,0xF403B299,
	0x2B9FBB59,0x3B60DC03,0xB2994805,0xF103E7F7,
	0x46110060,0xF400B2C0,0x4770BDF5,0x40080000,
	0x50080000,0x460CB530,0xB358B085,0xB34B6BC3,
	0xBFD4295F,0xF1A1460B,0x93010360,0x0101F04F,
	0x0300F04F,0x481EBFD8,0x1302E9CD,0x481DBFC8,
	0xD8192A04,0xF002E8DF,0x0B080331,0x9302000F,
	0x2C9F2100,0xE00ADC13,0x3102E9CD,0x9302E7F8,
	0x93032302,0x2311E7F4,0x93022C9F,0xA901DC15,
	0xF9ECF403,0xBD30B005,0xDDF82C9F,0xF1042100,
	0xB2C00060,0xFD98F400,0xD0F32800,0x72C6F44F,
	0x480A4909,0xFD1CF461,0x4907E7EC,0x72C5F44F,
	0xF4614807,0x2101FD15,0x2101E7E9,0xBF00E7D1,
	0x40080000,0x50080000,0x004045C3,0x004031EB,
	0x004031D0,0x4FF8E92D,0x881B4B49,0xF0002B00,
	0xF000808D,0x2600FE8B,0x46B14680,0xF8DF4D45,
	0x4F45A13C,0x3000F8BA,0xD809454B,0xF0004640,
	0x2E00FE81,0xE8BDD07A,0x20234FF8,0xBFBCF403,
	0x2B00686B,0xF9B5D057,0x2C9F4000,0x78EBDD53,
	0xD5500659,0xB2E43460,0xD9042C05,0x493722A6,
	0xF4614837,0x4620FCD5,0xFD5AF400,0x0B00F1B0,
	0x22A8DA04,0x48334931,0xFCCAF461,0xF3C3886B,
	0x2B04030D,0xE8DFD850,0x3A03F003,0x004B4640,
	0x2B005D3B,0xF1BBBF08,0xBF0C0F01,0x23002301,
	0xF36B78EA,0x70EA12C7,0xB004F807,0x4621B31B,
	0xF4034825,0x2800FCE1,0x2301DB06,0x4A233008,
	0xF0434083,0x62534300,0xD9042C1F,0x491B22DD,
	0xF461481F,0x2301FC9D,0x40A34A1E,0x2E1F6811,
	0x0301EA43,0xD9046013,0x491422DF,0xF461481A,
	0x3601FC8F,0xF109B2F6,0x350C0901,0x5D3BE792,
	0xBF082B01,0x0F00F1BB,0x5D3BE7C7,0x030BEBB3,
	0x2301BF18,0xF10BE7C4,0x425332FF,0xE7BF4153,
	0xF38BFABB,0xE7BB095B,0xE7B92300,0x8FF8E8BD,
	0x204081E8,0x204E0238,0x204081E2,0x0040463B,
	0x0040319F,0x004031FC,0x5004B0B4,0x50040000,
	0x00403205,0x204081D8,0x00403212,0x204081EA,
	0xE92D4B24,0x429841F0,0x460E4607,0xF103D01B,
	0x42985380,0xF101D10A,0x25000860,0x4B1E220C,
	0x881B4C1E,0xDC1042AB,0x81F0E8BD,0x42984B1C,
	0xF101D102,0xE7F008A0,0x722BF44F,0x481A4919,
	0xFC36F461,0x4688E7E9,0xFB02E7E7,0x5E61F105,
	0xD0014541,0xE7E53501,0x429F4B11,0xB2F0D111,
	0xFCAEF400,0xDA051E06,0x722EF44F,0x480F490D,
	0xFC1EF461,0xFB03230C,0x78DA4305,0x12C7F366,
	0x230C70DA,0x4405FB03,0x3001E9D4,0x41F0E8BD,
	0xBF004718,0x40080000,0x204081EA,0x204E0238,
	0x5004B0B4,0x0040462F,0x00403076,0x004031FC,
	0x4605B538,0xFD8AF000,0xB1154604,0xF4032023,
	0x4620FECB,0x4038E8BD,0xBD84F000,0x49034A02,
	0xF0004803,0xBF00BF3D,0x40080000,0x0040464C,
	0x00403004,0x43F8E92D,0x460E4605,0xFD6EF000,
	0x4A144C13,0x1AA96823,0x804CF8DF,0x414A424A,
	0x03C3EB08,0x6823809A,0xEB084607,0x80DE03C3,
	0x9000F8D4,0xF9DCF000,0x0039F848,0x46286823,
	0x2B013301,0x2300BF8C,0x46316823,0x3301BF98,
	0xF7FF6023,0x4638FF65,0x43F8E8BD,0xBD4AF000,
	0x204081C0,0x40080000,0x204081C4,0x41F3E92D,
	0xFD3CF000,0x46072500,0xF8DF4B36,0x6A1E80F0,
	0x447CF026,0x04FFF024,0x4200F044,0x2611F3C6,
	0x0D24625A,0x07E1B1AC,0xF818D50E,0xB15B3005,
	0xF400B2E8,0x2201FC1D,0x492C4B2B,0x680B5558,
	0xEA2340AA,0x600B0302,0x2D063501,0x0454EA4F,
	0x4638D1E8,0xFD16F000,0xB3662500,0xD52507F2,
	0x4620B2EC,0x0105F10D,0xFB82F403,0xF89DB9F0,
	0x2B013005,0x4620D91A,0x0106F10D,0xFB96F403,
	0xB9584604,0x320EF240,0x481A4919,0xFB68F461,
	0xF8BD4620,0xF4021006,0xE002FF33,0x42984B16,
	0x4620D1F6,0x1006F8BD,0xFF74F7FF,0x2D123501,
	0x0656EA4F,0x2400D1D1,0xFCE0F000,0x681D4B0B,
	0xF000601C,0xB155FCDF,0xD50307EB,0xB2A1480A,
	0xFF60F7FF,0x2C063401,0x0555EA4F,0xB002D1F3,
	0x81F0E8BD,0x50040000,0x204081E2,0x204081D8,
	0x00404621,0x00403236,0x5004B0B4,0x204081DC,
	0xF000B570,0x4A12FA89,0x33016813,0xF7FF6013,
	0x4B10FF75,0x069B6A9B,0x480FD415,0xF81CF7FD,
	0x230CE00D,0x5EF14363,0xB2893960,0xD802293F,
	0xF7FC4809,0x3401FFD1,0x42A3882B,0xE8BDD8F1,
	0xF0004070,0x2400BA81,0x4E054D04,0xBF00E7F4,
	0x204081D4,0x50040000,0x50080000,0x204081EA,
	0x204E0238,0xF000B508,0x4803FA57,0xF9E6F46B,
	0x4008E8BD,0xBA68F000,0x2040830C,0xF000B508,
	0x4803FA4B,0xFF38F7FC,0x4008E8BD,0xBA5CF000,
	0x20408268,0xB5082201,0x49064B05,0x211CF883,
	0x48034B05,0x4B0560CB,0xFD24F462,0xBF00BD08,
	0x204081EC,0x20404AD4,0x20404AC0,0x000F4240,
	0xF000B508,0x4803FA29,0xFFDEF7FC,0x4008E8BD,
	0xBA3AF000,0x20404B50,0x68014B04,0x42916E9A,
	0x4618D102,0xBEA2F461,0xBF004770,0x20404AE8,
	0x4D0CB538,0x480C2100,0xFE9EF407,0x46282101,
	0xFEE6F407,0xF7FE4604,0xB148FBB5,0x009CF995,
	0x21032200,0xFD8CF403,0x009CF995,0xFD60F403,
	0xBD384620,0x20404AE8,0x20408360,0xF44FB410,
	0xE9D0747A,0x43592311,0xF1F4FBB1,0x42916892,
	0x4611BF28,0xF3F3FBB1,0x3A90EE07,0xEEF82201,
	0x23007AE7,0x2215E9C0,0x7A14EDC0,0xF85D64C3,
	0x6BC04B04,0xBAE2F403,0xBB16F7FC,0x781B4B03,
	0xF000FA43,0x0001F000,0xBF004770,0x20408361,
	0x4D16B5F7,0xBB34782C,0x466F4B15,0x6818889A,
	0xF8AD799B,0xF88D2004,0x90003006,0xFBBEF7FC,
	0x4B102201,0x70284E10,0xB2E2701A,0xF7FF4610,
	0xB140FFDD,0xF88D3231,0x23002005,0x46392201,
	0xF4634630,0x3401FD37,0xF1062C05,0xD1EC0620,
	0x4B062201,0x7828701A,0xBDF0B003,0x20408361,
	0x0040323B,0x20404B8C,0x20408364,0x20408360,
	0xF7FFB508,0x2000FFC5,0x0000BD08,0x2400B538,
	0xB2E04D08,0xFFB2F7FF,0x4628B110,0xFCD0F463,
	0x2C053401,0x0520F105,0x2000D1F3,0x70184B02,
	0xBF00BD38,0x20408364,0x20408361,0x6AC2B510,
	0x3A046A81,0x440A4604,0xE9D04B05,0xF4620108,
	0x61E0FC13,0xE8BD6AA1,0xF4624010,0xBF00BC0B,
	0x00064781,0x2000B508,0xFF26F403,0x737AF44F,
	0xF0F3FBB0,0xF8ECF404,0xF4042004,0xE8BDF8D9,
	0x22004008,0x30FFF04F,0xF4034611,0x0000BCD9,
	0x78134A10,0xD1052BFF,0x681B4B0F,0xF00343DB,
	0x70130301,0x6C504A0D,0x4B0DB14B,0xB91B681B,
	0xFBB0230A,0x4770F0F3,0x881B4B0A,0xF44FE7F9,
	0xF3C0727A,0x0BC0030E,0x43504353,0x30D3EB00,
	0xBF004770,0x20404B8D,0x5004A000,0x50040000,
	0x20408408,0x20408404,0x9001B507,0xB9139B01,
	0xF85DB003,0xF44FFB04,0xF7FC707A,0x9B01FDCB,
	0x93013B01,0x2000E7F2,0x00004770,0x4E16B570,
	0xF90AF000,0xF0206A30,0xF020407C,0xB10800FF,
	0xFDA6F7FF,0xFC9EF7FF,0xFDACF7FC,0xFF6EF464,
	0x1C456C76,0xF4034604,0x2201FA65,0x46284631,
	0xFC34F7FE,0xD0034284,0xD1054285,0xFF62F464,
	0x4070E8BD,0xB900F000,0xFF5CF464,0xFF5AF464,
	0xF7FE1CA0,0xE7F3FCB3,0x50040000,0xF462B508,
	0xF7FCFA1D,0x480BFD6E,0xFDBEF464,0xF9ACF7FC,
	0xFF70F7FF,0x48094908,0xFA26F464,0xFD7EF7FF,
	0xFE88F7FF,0xF4614806,0xE8BDFAD9,0xF0004008,
	0xBF00B811,0x003FFCFD,0x204DBC00,0x20408BE8,
	0x004030CD,0x47702000,0x47702000,0x47702000,
	0x47702000,0x4C04B538,0x42AC4D04,0xBD38D300,
	0x3B04F854,0xE7F84798,0x00404A10,0x00404A1C,
	0x4C05B538,0x42AC4D05,0xBD38D300,0x3B04F854,
	0xD0F82B00,0xE7F64798,0x00404A1C,0x00404A3C,
	0xB507230B,0x3006F88D,0xFDBAF464,0x3035F890,
	0x3007F88D,0xFDB4F464,0x0206F10D,0xF4642102,
	0xF7FFFB89,0xF464FFDD,0x2102FDAB,0x0207F10D,
	0xFB80F464,0xF98EF7FC,0xF85DB003,0x0000FB04,
	0x2214230A,0x490BB513,0x3200E9CD,0xF44F480A,
	0x22006300,0xFBB6F464,0xB9284604,0x72B3F44F,
	0x48074906,0xF904F461,0xB0024620,0x4010E8BD,
	0xBD8AF464,0x003FFEC1,0x00403242,0x0040466C,
	0x00403247,0xF000B508,0xF7FEFA81,0xF7FFF9BD,
	0xF7FEFF6D,0xB908F9F7,0xF8FAF464,0xFB40F464,
	0xFB12F464,0xFFCCF7FF,0xFA4CF000,0xF81EF000,
	0xFB20F464,0xBD082000,0xF45FB508,0xF7FFFB7D,
	0x2000FFE1,0x0000BD08,0x2400B538,0xF8554D06,
	0xB1033B04,0x34014798,0xD1F82C04,0xFC2AF464,
	0xFCB8F000,0xBF00E7F1,0x204E2704,0x231FB51F,
	0xE9CD2220,0xF44F3202,0x93017300,0x4A074B06,
	0x49079300,0x48072300,0xFCBAF464,0xB0054805,
	0xEB04F85D,0xBD38F464,0x2040840C,0x003FFF89,
	0x00403256,0x2040860C,0xF000B510,0x4A08FA2F,
	0x78134604,0xB2DB3301,0xF0007013,0x4B05FE3F,
	0xB103681B,0x46204798,0x4010E8BD,0xBA22F000,
	0x204E126C,0x2040868C,0xF000B538,0x4D0BFA17,
	0x782B4604,0x2262B923,0x480A4909,0xF880F461,
	0x3B01782B,0x702BB2DB,0x681B4B07,0x4798B103,
	0xE8BD4620,0xF0004038,0xBF00BA05,0x204E126C,
	0x00404680,0x0040325C,0x20408688,0x78184B01,
	0xBF004770,0x204E126C,0x2B021E43,0x4B0AD90F,
	0xF1A0490A,0x2A020208,0x460BBF88,0x5C992200,
	0xD0064281,0x2AA03210,0x2000D1F9,0x4B024770,
	0x1898E7F4,0xBF004770,0x204E03B8,0x20404B90,
	0x9001B573,0xF9D2F000,0xF4644604,0xB948FCC9,
	0x483C493B,0xFD24F462,0x72FFF44F,0x483A4938,
	0xF836F461,0xF9C2F000,0xF4614605,0xB148F9B7,
	0x48364933,0xFD14F462,0x72FFF44F,0x48324930,
	0xF826F461,0xF0004628,0xF000F9B5,0x4605F9AF,
	0xFFB4F7FF,0x492AB148,0xF462482D,0xF44FFD01,
	0x492772FF,0xF4614828,0x4628F813,0xF9A2F000,
	0xF0004620,0xF000F99F,0x4606F999,0xFC90F464,
	0xB9284604,0x7201F44F,0x4822491D,0xF800F461,
	0xF4624620,0x2801FF39,0xF240D005,0x49182205,
	0xF460481D,0xF104FFF5,0x46200544,0xFCD2F464,
	0xAA012100,0xF4644628,0x4628FE37,0xF844F000,
	0xF0004630,0xF000F977,0x2801F971,0xD1094605,
	0x4812490B,0xFCC4F462,0x2211F240,0x480A4908,
	0xFFD6F460,0xF0004628,0xF463F965,0x6B23F99D,
	0x33022000,0x2300BF04,0xB0026323,0xBF00BD70,
	0x00404693,0x00403300,0x00403076,0x00403337,
	0x00403363,0x00403272,0x004032BE,0x0040338A,
	0xF7FFB508,0xBD08FF6D,0xF464B508,0xF7FFFD6B,
	0xBD08FF67,0x1205E9D0,0x6941604A,0x0314F100,
	0xE9C06011,0x47703305,0x4604B5F8,0xF240B928,
	0x4935126B,0xF4604835,0x4620FF9B,0xFED4F462,
	0xD005280A,0x72B6F44F,0x4831492F,0xFF90F460,
	0xF91CF000,0x46204605,0xFFDCF7FF,0xF0237A63,
	0x72630301,0x681B4B2B,0x4798B103,0x4300F06F,
	0x429A6AA2,0xF240D305,0x4923127D,0xF4604826,
	0xF464FF77,0x6AA3FD43,0x44184A24,0xF06F7A63,
	0xF0134700,0x4B220F04,0x4613BF18,0x685E62E0,
	0x4296461A,0xD005681B,0x42886999,0x1A09D0F8,
	0xD2F542B9,0x6801481B,0x60013101,0x0114F104,
	0x68136059,0x60116163,0x61A27A63,0x0201F043,
	0xF0137262,0xD00D0404,0x781B4B13,0xB2DC2B01,
	0x4812D110,0x3034F890,0x030FF003,0xD1092B02,
	0xFB88F464,0xF0004628,0xB10CF8CD,0xF904F463,
	0xBDF82000,0xE7F52400,0x004046A3,0x004033C6,
	0x004033D7,0x204E30C8,0x0040343D,0x20408B18,
	0x204E12F8,0x20408690,0x20404C30,0x20408A9C,
	0x43F7E92D,0xE9CD466E,0xF0006600,0x4605F8A7,
	0x90B4F8DF,0xF8D94F29,0x454C4000,0xF464D009,
	0x69A3FCDD,0x0814F1A4,0xF06F1AC0,0x42984300,
	0x4628D305,0xF896F000,0xE8BDB003,0x4B2083F0,
	0xB10B681B,0x47984640,0xF7FF4640,0xF814FF4B,
	0x46283C0B,0xBF5C079A,0x0301F023,0x3C0BF804,
	0x605C9B00,0x23006023,0x703B6066,0xF0009400,
	0xE9D4F879,0x47983002,0x681B4B12,0x4640B10B,
	0xF0004798,0x2301F86B,0x9B00703B,0x42B34605,
	0xE9D4D0C1,0x60532300,0x601A6822,0x3C0BF814,
	0x4400E9C4,0x0203F003,0xD1B42A03,0x0301F023,
	0xF8044640,0xF7FF3C0B,0xE7ACFF1F,0x20404C30,
	0x20408698,0x20408694,0x20408B18,0xF06FB570,
	0x4D0F4600,0xF842F000,0x42AB682B,0xF04FBF0C,
	0x699C34FF,0xF83EF000,0xD1081C63,0xFB30F464,
	0xFB88F464,0xF870F463,0xFF82F7FF,0xF464E7EA,
	0x1A20FC6D,0xD2F742B0,0xFEE2F7FF,0xBF00E7F4,
	0x20408B18,0x4B0CB51F,0xE9C3220A,0x23043300,
	0x3202E9CD,0x6380F44F,0x4B089301,0x93004A08,
	0x23004908,0xF4644808,0x4807FA8B,0xF85DB005,
	0xF464EB04,0xBF00BB09,0x20408B18,0x2040869C,
	0x004003BD,0x00403460,0x20408A9C,0x8010F3EF,
	0x4770B672,0x8810F380,0xBF404770,0x68134A71,
	0xD0042B01,0x0301F04F,0x4A6F6013,0x4A6F6010,
	0x486F6011,0x5180F04F,0x47706001,0x8210F3EF,
	0x4868B672,0xB3896801,0x0100F04F,0x48666001,
	0xB1B16801,0x8109F3EF,0x0F10F01E,0xED21BF08,
	0xE9218B10,0xF3EF0FF0,0xF841840B,0xF04F4D04,
	0xF01E0400,0xBF080F10,0xF8412401,0x68004D04,
	0x495A6001,0x68096809,0xC910C908,0x880BF384,
	0x0FF0E8B1,0xBF182B00,0x8B10ECB1,0x8809F381,
	0x0E10F04E,0xBF182B00,0x0E10F02E,0x8810F382,
	0x0E04F04E,0x484F4770,0x017FF44F,0x2000F8D0,
	0x0102EA41,0x47706001,0x60084948,0x8214F3EF,
	0x0204F022,0x8814F382,0xF04F4943,0x60080000,
	0xF04F4940,0x60080001,0xF44F4842,0xF8D0017F,
	0xEA412000,0x60010102,0xF04F483D,0x60015180,
	0x6800483D,0xBF006800,0x8808F380,0xB662B661,
	0xBF004770,0x4770BF20,0x8008F3EF,0x0F04F01E,
	0xF3EFD001,0xE9208009,0xF3EF0FF0,0xF840840B,
	0xF8404D04,0xF840ED04,0xF01EED04,0xD0020F04,
	0x8809F380,0xF380E001,0xB5008808,0xFE5CF461,
	0xEB04F85D,0x0E04F04E,0xF3EF4770,0xF01E8008,
	0xD0010F04,0x8009F3EF,0x0FF0E920,0x840BF3EF,
	0x4D04F840,0xED04F840,0xED04F840,0x0F04F01E,
	0xF380D002,0xE0018809,0x8808F380,0xF461B500,
	0xF85DFE3E,0xF04EEB04,0x47700E04,0xF3EFB410,
	0xB4108403,0xB500467C,0xF84DB500,0xB40FCD04,
	0xE92D9C08,0xF3EF0FF0,0xB410840B,0x4668B500,
	0xFD32F461,0xBC10BC01,0x880BF384,0x0FF0E8BD,
	0xF85DBC0F,0xF85DCB04,0xBC10EB04,0xBC10BC10,
	0x00004770,0x204E31DC,0x204E3034,0x204E3038,
	0xE000ED04,0xE000ED20,0xE000ED08,0x4615B570,
	0x4606461C,0x2222B920,0x48094908,0xFD70F460,
	0x2C04B155,0xF8D6D108,0x463030C0,0x8829689B,
	0x80684798,0xBD704620,0xE7FB2400,0x004046B2,
	0x00403466,0x73FEF64F,0xB5704299,0x460D4604,
	0xDD044616,0x490B226E,0xF460480B,0x2300FD51,
	0x0240F104,0x1023F832,0xD003428D,0x2B203301,
	0xBD70D1F8,0xEB043310,0x78E30483,0x0347F366,
	0xE7F670E3,0x004046BC,0x00403475,0x4614B570,
	0x4606461D,0x2231B920,0x480C490B,0xFD30F460,
	0x2D04B17C,0x4630D10D,0x88218862,0xFFCAF7FF,
	0x30C0F8D6,0x685B4630,0x88218862,0x46284798,
	0x2500BD70,0xBF00E7FB,0x004046CD,0x00403466,
	0x73FEF64F,0xB5704299,0x460D4604,0xDD044616,
	0x49142240,0xF4604814,0x2EFEFD0B,0x2241DD04,
	0x48124910,0xFD04F460,0xF64F2300,0xF10470FF,
	0xF8310140,0x42952023,0x4282D005,0x3301D003,
	0xD1F62B20,0xEB04BD70,0x33100283,0x5040F8A2,
	0x6042F882,0x0483EB04,0xF02378E3,0x70E30301,
	0xBF00E7F0,0x004046D8,0x00403475,0x00403487,
	0x460EB570,0x46044615,0x22A0B920,0x48134912,
	0xFCD6F460,0xD1082E02,0x30C0F8D4,0xB113699B,
	0x46202100,0x20004798,0x2E01BD70,0xF8D4D103,
	0x69DB30C0,0xB165E7F3,0x78AA4620,0xF7FF8829,
	0xF8D4FFA7,0x462030C0,0x78AA681B,0x47988829,
	0xF04FE7E9,0xE7E730FF,0x004046E5,0x00403466,
	0x2412B538,0x4D104B0F,0x2400751C,0xF64F63DA,
	0x631D72FF,0xE9C34D0D,0x635D4407,0xE9C34D0C,
	0x62DC4409,0xF8C3639D,0x334010C0,0x2024F823,
	0x2C203401,0x4601D1FA,0x48022203,0xF9D2F461,
	0xBD382000,0x20408B20,0x0040063D,0x004006BD,
	0x00400771,0x4605B570,0x4E092400,0x3048F896,
	0xDC0042A3,0x6CF2BD70,0x03C4EB02,0x685B685B,
	0x4629B11B,0x0034F852,0x34014798,0xBF00E7EE,
	0x204E1374,0x4605B570,0x4E092400,0x3048F896,
	0xD80042A3,0x6CF2BD70,0x03C4EB02,0x689B685B,
	0x4629B11B,0x0034F852,0x34014798,0xBF00E7EE,
	0x204E1374,0x41F0E92D,0x4616460D,0x4604461F,
	0xF240B928,0x490922CE,0xF4604809,0x2D05FC49,
	0x442CDC09,0x46304639,0x3040F894,0xE8BD4A05,
	0xF46341F0,0x2000BCAB,0x81F0E8BD,0x004046F2,
	0x00403493,0x00402E74,0x460EB5F8,0xB9204604,
	0x490E22EC,0xF460480E,0x6D63FC2B,0x4630B123,
	0xF8844798,0xBDF80046,0x5058F894,0xD2013D01,
	0xE7F62001,0x00EF6DE3,0x0035F853,0xF9D2F464,
	0xD8F342B0,0x443B6DE3,0xE7EA7918,0x00404729,
	0x004034A1,0x43F8E92D,0x781B4B5F,0xF0002B00,
	0x4C5E808F,0x3051F894,0xD51507D8,0xFD8EF7FF,
	0x6E234605,0x685B4620,0x1047F894,0xF8944798,
	0xF7FF0047,0xF894FF87,0x46283051,0x0301F023,
	0x3051F884,0xFD7EF7FF,0xFD78F7FF,0x3040F8B4,
	0xB1834681,0xFD76F7FF,0xFD70F7FF,0x46056E23,
	0xB10B691B,0x47984849,0xF7FF4628,0xE8BDFD6B,
	0xF7FF43F8,0xF464BDE7,0x1C41FB0B,0xD0024605,
	0xF99CF464,0x46291A2D,0xF7FF4840,0x2801FF95,
	0xF8844605,0xD8010046,0xE7DB4648,0x80F0F8DF,
	0x3000F8D8,0x4601B123,0x2004F8D8,0x47982000,
	0xF8942600,0x429E3048,0xF894DB3C,0x412F7050,
	0x0701F017,0xF464D008,0x1C42FAE3,0xD1504606,
	0x689B6E23,0xD1482B00,0x6E23462F,0x681B4629,
	0x4798482A,0x3050F894,0x07DB413B,0x6E23D510,
	0x699B4826,0x46064798,0x48246E23,0x479868DB,
	0xF464B136,0x4430F95B,0xF970F464,0xF97AF464,
	0xF7FF4628,0xF8D8FEFF,0xB1233000,0x20014629,
	0x2004F8D8,0x46484798,0xFD0CF7FF,0xD0932D01,
	0x83F8E8BD,0xEB026CE2,0x685B03C6,0xB90B681B,
	0xE7B63601,0xF8524629,0x47980036,0xD0F72800,
	0xF7FF4628,0xF8D8FEDF,0x2B003000,0x4629D09C,
	0xF8D82001,0x47982004,0x4601E796,0x47984807,
	0xF464E7B2,0x1A31F923,0xD9022901,0x689B6E23,
	0x2501E7F4,0xBF00E7A9,0x20408BE4,0x204E1374,
	0x204E136C,0x4B0FB538,0x781B4604,0x2805B1CB,
	0xF7FFD817,0x4B0CFCCB,0x44234605,0x2040F893,
	0xD0072AFF,0xF8833201,0x46282040,0x4038E8BD,
	0xBCC0F7FF,0x720DF44F,0x48054904,0xFB28F460,
	0xBD38E7F3,0x20408BE4,0x204E1374,0x0040471B,
	0x00403076,0x4B0AB510,0x781B4604,0x2805B17B,
	0xF7FFD80D,0x4B07FCA3,0xF8934423,0xB1122040,
	0xF8833A01,0xE8BD2040,0xF7FF4010,0xBD10BC9B,
	0x20408BE4,0x204E1374,0xB5082920,0x2921D006,
	0xB2D0D102,0xFFB6F7FF,0xBD082000,0xF7FFB2D0,
	0xE7F9FFD9,0xB12BB508,0x2B017813,0xB2C8D104,
	0xFFA8F7FF,0xBD082001,0xD1FB2B00,0xF7FFB2C8,
	0xE7F7FFC9,0x4607B5F8,0xF7FF460E,0x4604FC6F,
	0xFA74F7FF,0x4917B148,0xF4614817,0xF44FFFC1,
	0x4914721F,0xF4604815,0x4620FAD3,0xFC62F7FF,
	0xFC5CF7FF,0x46054C12,0x1048F894,0x31016CE0,
	0xF46200C9,0xB178FB0B,0x2048F894,0xF84064E0,
	0xF8947032,0x6CE32048,0x03C2EB03,0xF894605E,
	0x33013048,0x3048F884,0xE8BD4628,0xF7FF40F8,
	0xBF00BC41,0x00404705,0x00403363,0x00403076,
	0x204E1374,0x230EB5F8,0x4C182500,0x75234606,
	0x460F4B17,0x4B176323,0x63634917,0x46204B17,
	0x320EE9C4,0xE9C42203,0xE9C45507,0x62E55509,
	0xFFD0F460,0x46292206,0x0040F104,0xF8CFF462,
	0x4A104B0F,0x65E2781B,0x3046F884,0x4A0E2301,
	0x5047F884,0x7050F884,0x64E56626,0x5048F884,
	0xF8846565,0x70133058,0xBF00BDF8,0x204E1374,
	0x00400885,0x00400B45,0x004034A1,0x00400B29,
	0x20404C31,0x00404740,0x20408BE4,0xF8834B02,
	0x65D90058,0xBF004770,0x204E1374,0x781B4B04,
	0x4804B12B,0xB1136E03,0xB103695B,0x47704718,
	0x20408BE4,0x204E1374,0xB4302A03,0xEA41D912,
	0x46840400,0x07A4460B,0x4619D121,0xF8534660,
	0xF85C4B04,0x42A55B04,0x3A04D119,0xD8F42A03,
	0x46194660,0xB17A1E54,0x39011E43,0xE0011902,
	0xD009429A,0x0F01F813,0xCF01F811,0xD0F74560,
	0x000CEBA0,0x4770BC30,0xBC302000,0x1E544770,
	0xBF00E7EA,0xB5300783,0x1884D046,0xE0044684,
	0x1B01F803,0xD004079D,0x45A4469C,0xD1F74663,
	0x3A01BD30,0xEBA24402,0x2A03020C,0xB2CCD929,
	0xEB042A0F,0xEB042404,0xD92F4404,0x0C10F1A2,
	0x0510F103,0x0C0FF02C,0xE9C344AC,0xE9C34400,
	0x33104402,0xD1F84563,0x0F0CF012,0x0E0FF002,
	0xF02ED018,0xF1AE0C03,0x461A0504,0xF842449C,
	0x45624B04,0xF025D1FB,0x33040403,0x0203F00E,
	0x2A004423,0xB2C9D0CC,0xF803441A,0x42931B01,
	0xBD30D1FB,0xE7F44672,0xE7C64603,0xE7E04696,
	0xEA414684,0xF0130300,0xD1490303,0xD3233A40,
	0x6003680B,0x6043684B,0x6083688B,0x60C368CB,
	0x6103690B,0x6143694B,0x6183698B,0x61C369CB,
	0x62036A0B,0x62436A4B,0x62836A8B,0x62C36ACB,
	0x63036B0B,0x63436B4B,0x63836B8B,0x63C36BCB,
	0x31403040,0xD2DB3A40,0xD30B3230,0x6003680B,
	0x6043684B,0x6083688B,0x60C368CB,0x31103010,
	0xD2F33A10,0xD305320C,0x3B04F851,0x3B04F840,
	0xD2F93A04,0xD0083204,0xBF1C07D2,0x3B01F811,
	0x3B01F800,0x880BD301,0x46608003,0xBF004770,
	0xD3132A08,0xD0B1078B,0x0303F010,0xF1C3D0AE,
	0x1AD20304,0xBF1C07DB,0x3B01F811,0x3B01F800,
	0xF831D3A4,0xF8203B02,0xE79F3B02,0xD3D93A04,
	0xF8113A01,0xF8003B01,0xD2F93B01,0x7003780B,
	0x7043784B,0x7083788B,0x47704660,0x4000F080,
	0xBF00E002,0x4100F081,0xBF1F0042,0x0341EA5F,
	0x0F03EA92,0x6C22EA7F,0x6C23EA7F,0xEA4FD06A,
	0xEBD26212,0xBFC16313,0x404118D2,0x40414048,
	0x425BBFB8,0xBF882B19,0xF0104770,0xF4404F00,
	0xF0200000,0xBF18407F,0xF0114240,0xF4414F00,
	0xF0210100,0xBF18417F,0xEA924249,0xD03F0F03,
	0x0201F1A2,0xFC03FA41,0x000CEB10,0x0320F1C3,
	0xF103FA01,0x4300F000,0x4249D502,0x0040EB60,
	0x0F00F5B0,0xF1B0D313,0xD3067F80,0xEA4F0840,
	0xF1020131,0x2AFE0201,0xF1B1D251,0xEB404F00,
	0xBF0850C2,0x0001F020,0x0003EA40,0x00494770,
	0x0000EB40,0xBF283A01,0x0F00F5B0,0xFAB0D2ED,
	0xF1ACFC80,0xEBB20C08,0xFA00020C,0xBFAAF00C,
	0x50C2EB00,0x43184252,0x40D0BFBC,0x47704318,
	0x0F00F092,0x0100F481,0xF480BF06,0x32010000,
	0xE7B53B01,0x0341EA4F,0x6C22EA7F,0xEA7FBF18,
	0xD0216C23,0x0F03EA92,0xF092D004,0xBF080F00,
	0x47704608,0x0F01EA90,0x2000BF1C,0xF0124770,
	0xD1044F7F,0xBF280040,0x4000F040,0xF1124770,
	0xBF3C7200,0x0000F500,0xF0004770,0xF0434300,
	0xF44040FE,0x47700000,0x6222EA7F,0x4608BF16,
	0x6323EA7F,0x02424601,0xEA5FBF06,0xEA902341,
	0xF4400F01,0x47700080,0x0300F04F,0xBF00E004,
	0x4300F010,0x4240BF48,0x0C00EA5F,0x4770BF08,
	0x4396F043,0xF04F4601,0xE01C0000,0x0201EA50,
	0x4770BF08,0x0300F04F,0xBF00E00A,0x0201EA50,
	0x4770BF08,0x4300F011,0x4240D502,0x0141EB61,
	0x0C01EA5F,0x4684BF02,0x20004601,0x43B6F043,
	0xF1A3BF08,0xF5A35380,0xFABC0300,0x3A08F28C,
	0x53C2EBA3,0xFA01DB10,0x4463FC02,0xFC02FA00,
	0x0220F1C2,0x4F00F1BC,0xF202FA20,0x0002EB43,
	0xF020BF08,0x47700001,0x0220F102,0xFC02FA01,
	0x0220F1C2,0x004CEA50,0xF202FA21,0x0002EB43,
	0xEA20BF08,0x477070DC,0xB94AB953,0xBF082900,
	0xBF1C2800,0x31FFF04F,0x30FFF04F,0xB9B2F000,
	0x0C08F1AD,0xCE04E96D,0xF806F000,0xE004F8DD,
	0x2302E9DD,0x4770B004,0x4FF0E92D,0x9E09468C,
	0x460F4604,0xD1482B00,0x4615428A,0xFAB2D95E,
	0xB13BF382,0x0220F1C3,0x409D409F,0xFA20409C,
	0x4317F202,0x4E15EA4F,0xFC85FA1F,0xFBB70C22,
	0xFB0EF1FE,0xFB017711,0xEA42F00C,0x42904207,
	0x18AAD907,0x37FFF101,0x4290D202,0x8158F200,
	0x1A124639,0xFBB2B2A4,0xFB0EF0FE,0xFB002210,
	0xEA44FC0C,0x45A44402,0x192CD90B,0x32FFF100,
	0x2701BF2C,0x45A42700,0x2F00D902,0x8143F000,
	0xEA404610,0xEBA44001,0x2100040C,0x40DCB11E,
	0xE9C62300,0xE8BD4300,0x428B8FF0,0xB10ED906,
	0x0100E9C6,0x46082100,0x8FF0E8BD,0xF183FAB3,
	0xD1512900,0xF0C04563,0x42828116,0x8113F240,
	0x2E004608,0xE9C6D0E7,0xE7E44700,0xF0002A00,
	0xFAB280AF,0x2B00F382,0x80C2F040,0xEA4F1A8A,
	0xB2AF4E15,0x0C202101,0xFCFEFBB2,0x221CFB0E,
	0x4202EA40,0xF00CFB07,0xD90E4290,0xF10C18AA,
	0xBF2C38FF,0x0901F04F,0x0900F04F,0xD9034290,
	0x0F00F1B9,0x80F0F000,0x1A1246C4,0xFBB2B2A4,
	0xFB0EF0FE,0xFB002210,0xEA44F707,0x42A74402,
	0x192CD90E,0x32FFF100,0xF04FBF2C,0xF04F0E01,
	0x42A70E00,0xF1BED903,0xF0000F00,0x461080D2,
	0xEA401BE4,0xE799400C,0x0520F1C1,0xFA0C408B,
	0xFA00F401,0xFA22F901,0xFA2CF705,0x408AFC05,
	0xFA20431F,0x0C38F305,0xFA1F4323,0x0C1CFE87,
	0xF8F0FBBC,0xCC18FB00,0x440CEA44,0xFC0EFB08,
	0xD90E45A4,0xF108193C,0xBF2C3AFF,0x0B01F04F,
	0x0B00F04F,0xD90345A4,0x0F00F1BB,0x80B8F000,
	0xEBA446D0,0xFA1F040C,0xFBB4FC83,0xFB00F3F0,
	0xFB034413,0xEA4CFE0E,0x45A64404,0x193CD90E,
	0x30FFF103,0xF04FBF2C,0xF04F0C01,0x45A60C00,
	0xF1BCD903,0xF0000F00,0x4603809F,0x4008EA43,
	0x040EEBA4,0xEC02FBA0,0x46734564,0xD30246E0,
	0x45F1D107,0xEBBED205,0xEB6C0302,0x38010C07,
	0xB15E46E0,0x0203EBB9,0x0408EB64,0xF505FA04,
	0xF301FA22,0x431D40CC,0x5400E9C6,0xE7322100,
	0x462F0842,0x46AC084B,0x72C1EA42,0x07C446AE,
	0xB2920C11,0x4103EA41,0x4201EA42,0xF1F5FBB1,
	0xF0F5FBB3,0xEBA2231F,0xEA41020C,0xE7424100,
	0xF1C3409D,0x40990220,0xFA2C409C,0xEA4FFC02,
	0xFA204E15,0xB2AFF202,0xF8FEFBBC,0xFB0E430A,
	0x0C11CC18,0x410CEA41,0xFC07FB08,0xD950458C,
	0xF1081869,0xBF2C30FF,0x0901F04F,0x0900F04F,
	0xD902458C,0x0F00F1B9,0xEBA1D030,0xFBB1010C,
	0xFB08F8FE,0xFB0EFC07,0xB2921118,0x4201EA42,
	0xD2344562,0xF10818AA,0xBF2C31FF,0x0901F04F,
	0x0900F04F,0xD2BE4562,0x0F00F1B9,0xF1A8D1BB,
	0x442A0102,0x1A84E7B7,0x0203EB6C,0x46172001,
	0x442CE6E7,0xE72B3802,0x0C02F1AC,0xE70C442A,
	0x442A3902,0x442CE6A5,0xE6BA3802,0x0C0CEBA5,
	0x0002F1A8,0xFBB14461,0xFB08F8FE,0xE7CAFC07,
	0x0802F1A8,0xE744443C,0x443C3B02,0x4641E75E,
	0xEBA1E791,0x4640010C,0xF8FEFBB1,0xFC07FB08,
	0xBF00E7B9,0xBF004770,0x50081000,0x00000002,
	0x1C000000,0x00000004,0x00000000,0x00000000,
	0x00000000,0x00000000,0x00000000,0x00000000,
	0x00000000,0x00000000,0x00000000,0x0129005B,
	0x00000000,0x00000000,0x00000000,0x00000000,
	0x00000000,0x00000000,0x00000000,0x012A005A,
	0x00000000,0x00000000,0x00000000,0x00000000,
	0x00000000,0x00000000,0x00000000,0x012B0057,
	0x00000000,0x00000000,0x00000000,0x00000000,
	0x00000000,0x00000000,0x00000000,0x012C0059,
	0x00000000,0x00000000,0x00000000,0x00000000,
	0x00000000,0x00000000,0x00000000,0x012D005C,
	0x00000000,0x00000000,0x00000000,0x00000000,
	0x00000000,0x00000000,0x00000000,0x012E0056,
	0x00000000,0x00000000,0x00000000,0x00000000,
	0x00000000,0x00000000,0x00000000,0x015400C1,
	0x00000143,0x02010000,0x0000022B,0x00000000,
	0x00000000,0x00000000,0x00000000,0x015300C2,
	0x00000144,0x02020000,0x0000022C,0x00000000,
	0x00000000,0x00000000,0x00000000,0x000000C3,
	0x017D01CD,0x020301BE,0x025B0000,0x02570000,
	0x00000241,0x00000000,0x00000000,0x000000C4,
	0x017901CE,0x020401BF,0x025C013E,0x02580000,
	0x00000242,0x00000000,0x00000000,0x000000C5,
	0x017A01CC,0x020601C1,0x025D013D,0x00000000,
	0x00000243,0x00000000,0x00000000,0x000000C6,
	0x017C01C7,0x020701C2,0x025E0146,0x00000000,
	0x00000244,0x00000000,0x00000000,0x000000C7,
	0x017B01CA,0x020801C0,0x025F0145,0x00000000,
	0x00000245,0x00000000,0x00000000,0x00C80239,
	0x0000013B,0x02090000,0x00000000,0x00000000,
	0x00000000,0x00000000,0x00000000,0x000000C9,
	0x017601CB,0x020B0000,0x0260023D,0x00000000,
	0x00000246,0x00000000,0x00000000,0x000000CA,
	0x017801C9,0x020C0144,0x0261023E,0x00000000,
	0x00000247,0x00000000,0x00000000,0x000000CB,
	0x017701C8,0x020D0143,0x02620000,0x00000000,
	0x00000248,0x00000000,0x00000000,0x00CC023A,
	0x0000013C,0x020E0000,0x00000000,0x00000000,
	0x00000000,0x00000000,0x00000000,0x016400CD,
	0x015301C6,0x00000000,0x00000000,0x00000000,
	0x00000000,0x00000000,0x00000000,0x014300CE,
	0x0000013D,0x02010000,0x02630000,0x025A0000,
	0x0000024F,0x00000000,0x00000000,0x014400CF,
	0x0000013E,0x02020000,0x02640000,0x02590000,
	0x00000250,0x00000000,0x00000000,0x016600D0,
	0x014501C4,0x00000000,0x00000000,0x00000000,
	0x00000000,0x00000000,0x00000000,0x016700D1,
	0x015401C3,0x00000168,0x00000000,0x00000000,
	0x00000000,0x00000000,0x00000000,0x013F00D2,
	0x0000015F,0x00000000,0x00000000,0x00000000,
	0x00000000,0x00000000,0x00000000,0x014000D3,
	0x00000161,0x00000000,0x00000000,0x00000000,
	0x00000000,0x00000000,0x00000000,0x016500D4,
	0x014601C5,0x00000000,0x00000000,0x00000000,
	0x00000000,0x00000000,0x00000000,0x000000D5,
	0x00000000,0x02030000,0x025B026C,0x00000000,
	0x00000000,0x00000000,0x00000000,0x000000D6,
	0x015F0000,0x02040000,0x025C026D,0x00000000,
	0x00000000,0x00000000,0x00000000,0x000000D7,
	0x01620000,0x02060163,0x025D026E,0x00000000,
	0x00000000,0x00000000,0x00000000,0x014100D8,
	0x00000162,0x02070163,0x00000000,0x00000000,
	0x00000000,0x00000000,0x00000000,0x000000D9,
	0x01F10000,0x02080000,0x0265026F,0x00000000,
	0x00000000,0x00000000,0x00000000,0x000000DA,
	0x01610000,0x02090000,0x025E0270,0x00000000,
	0x00000000,0x00000000,0x00000000,0x014200DB,
	0x00000160,0x020B0000,0x00000000,0x00000283,
	0x00000000,0x00000000,0x00000000,0x000000DC,
	0x01F00164,0x020C0000,0x02660271,0x00000283,
	0x00000000,0x00000000,0x00000000,0x015100DD,
	0x00000143,0x00000000,0x00000000,0x00000283,
	0x00000000,0x00000000,0x00000000,0x015200DE,
	0x00000144,0x00000000,0x00000000,0x00000283,
	0x00000000,0x00000000,0x00000000,0x000000DF,
	0x01ED0167,0x020D0168,0x02670272,0x00000283,
	0x00000000,0x00000000,0x00000000,0x000000E0,
	0x01EE0166,0x020E01F2,0x02680273,0x00000283,
	0x00000000,0x00000000,0x00000000,0x000000E1,
	0x00000000,0x00000000,0x025F0274,0x00000283,
	0x00000000,0x00000000,0x00000000,0x000000E2,
	0x00000000,0x022D0000,0x02690275,0x00000283,
	0x00000000,0x00000000,0x00000000,0x000000E3,
	0x01EF0165,0x00000000,0x026A0276,0x00000283,
	0x00000000,0x00000000,0x00000000,0x000000E4,
	0x00000000,0x00000000,0x026B0000,0x00000283,
	0x00000000,0x00000000,0x00000000,0x013B00E5,
	0x00000000,0x02010000,0x00000000,0x00000283,
	0x00000000,0x00000000,0x00000000,0x013C00E6,
	0x00000000,0x02020000,0x00000000,0x00000283,
	0x00000000,0x00000000,0x00000000,0x000000E7,
	0x00000145,0x02030000,0x02600277,0x00000283,
	0x00000000,0x00000000,0x00000000,0x000000E8,
	0x00000146,0x02040000,0x02610278,0x00000283,
	0x00000000,0x00000000,0x00000000,0x000000E9,
	0x01600000,0x02050000,0x02620279,0x00000283,
	0x00000000,0x00000000,0x00000000,0x000000EA,
	0x0000023E,0x020601F1,0x0263027A,0x00000283,
	0x00000000,0x00000000,0x00000000,0x000000EB,
	0x00000000,0x020701F0,0x0264027B,0x00000283,
	0x00000000,0x00000000,0x00000000,0x000000EC,
	0x0141013D,0x020801ED,0x0265027C,0x00000283,
	0x00000000,0x00000000,0x00000000,0x000000ED,
	0x0142013E,0x020901EE,0x0266027D,0x00000283,
	0x00000000,0x00000000,0x00000000,0x000000EE,
	0x0000023D,0x020A0000,0x02670000,0x00000283,
	0x00000000,0x00000000,0x00000000,0x000000EF,
	0x01F20000,0x020B01EF,0x0268027E,0x00000000,
	0x00000000,0x00000000,0x00000000,0x015000F0,
	0x00000143,0x020C0000,0x00000000,0x00000000,
	0x00000000,0x00000000,0x00000000,0x014F00F1,
	0x00000144,0x020D0000,0x00000000,0x00000000,
	0x00000000,0x00000000,0x00000000,0x000000F2,
	0x01430145,0x020E0000,0x0269027F,0x00000000,
	0x00000000,0x00000000,0x00000000,0x000000F3,
	0x01440146,0x020F0000,0x026A0280,0x00000000,
	0x00000000,0x00000000,0x00000000,0x023C00F4,
	0x0141013D,0x022E0000,0x00000281,0x00000000,
	0x00000000,0x00000000,0x00000000,0x023B00F5,
	0x0142013E,0x022F0000,0x00000282,0x00000000,
	0x00000000,0x00000000,0x00000000,0x000000F6,
	0x00000000,0x00000000,0x026B0000,0x00000000,
	0x00000000,0x00000000,0x00000000,0x000000F7,
	0x00000000,0x00000000,0x00000000,0x00000000,
	0x00000000,0x00000000,0x00000000,0x000000F8,
	0x00000000,0x00000000,0x00000000,0x00000000,
	0x00000000,0x00000000,0x00000000,0x000000F9,
	0x015F013D,0x00000000,0x00000000,0x00000000,
	0x00000000,0x00000000,0x00000000,0x000000FA,
	0x0162013E,0x00000163,0x00000000,0x00000000,
	0x00000000,0x00000000,0x00000000,0x000000FB,
	0x01610143,0x00000000,0x00000000,0x00000000,
	0x00000000,0x00000000,0x00000000,0x000000FC,
	0x01600144,0x00000000,0x00000000,0x00000000,
	0x00000000,0x00000000,0x00000000,0x02850284,
	0x02880287,0x00000000,0x00000000,0x00000000,
	0x00000000,0x00000000,0x00000000,0x02860285,
	0x02880287,0x00000000,0x00000000,0x00000000,
	0x00000000,0x00000000,0x00000000,0x02860285,
	0x02880287,0x00000000,0x00000000,0x00000000,
	0x00000000,0x00000000,0x00000000,0x02860285,
	0x02880287,0x00000000,0x00000000,0x00000000,
	0x00000000,0x00000000,0x00000000,0x02860285,
	0x02880287,0x00000000,0x00000000,0x00000000,
	0x00000000,0x00000000,0x00000000,0x02860285,
	0x02880287,0x00000000,0x00000000,0x00000000,
	0x00000000,0x00000000,0x00000000,0x00000000,
	0x00000000,0x00000000,0x00000000,0x00000000,
	0x00000000,0x00000000,0x00000000,0x001C0101,
	0x00000000,0x00000000,0x00000000,0x00000000,
	0x00000000,0x00000000,0x00000000,0x001D0102,
	0x00190000,0x00000000,0x00000000,0x00000000,
	0x00000000,0x00000000,0x00000000,0x001E0103,
	0x001D0000,0x00000000,0x00000000,0x00000000,
	0x00000000,0x00000000,0x00000000,0x001F0104,
	0x001E0000,0x00000000,0x00000000,0x00000000,
	0x00000000,0x00000000,0x00000000,0x00200105,
	0x0000001C,0x00000000,0x00000000,0x00000000,
	0x00000000,0x00000000,0x00000000,0x00210106,
	0x001E001D,0x00000000,0x00000000,0x00000000,
	0x00000000,0x00000000,0x00000000,0x00220107,
	0x001D001E,0x00000000,0x00000000,0x00000000,
	0x00000000,0x00000000,0x00000000,0x00230108,
	0x0019001F,0x00000000,0x00000000,0x00000000,
	0x00000000,0x00000000,0x00000000,0x001A0109,
	0x00000000,0x00000000,0x00000000,0x00000000,
	0x00000000,0x00000000,0x00000000,0x0018010A,
	0x00000019,0x00000000,0x00000000,0x00000000,
	0x00000000,0x00000000,0x00000000,0x0019010B,
	0x001C0018,0x00000000,0x00000000,0x00000000,
	0x00000000,0x00000000,0x00000000,0x0024010C,
	0x00180020,0x00000000,0x00000000,0x00000000,
	0x00000000,0x00000000,0x00000000,0x0025010D,
	0x001F0021,0x00000000,0x00000000,0x00000000,
	0x00000000,0x00000000,0x00000000,0x0026010E,
	0x00180022,0x00000000,0x00000000,0x00000000,
	0x00000000,0x00000000,0x00000000,0x0027010F,
	0x001C0023,0x00000000,0x00000000,0x00000000,
	0x00000000,0x00000000,0x00000000,0x00280110,
	0x0000001A,0x00000000,0x00000000,0x00000000,
	0x00000000,0x00000000,0x00000000,0x00290111,
	0x00000000,0x00000000,0x00000000,0x00000000,
	0x00000000,0x00000000,0x00000000,0x002A0112,
	0x00000000,0x00000000,0x00000000,0x00000000,
	0x00000000,0x00000000,0x00000000,0x002B0113,
	0x00000000,0x00000000,0x00000000,0x00000000,
	0x00000000,0x00000000,0x00000000,0x001B0114,
	0x00000000,0x00000000,0x00000000,0x00000000,
	0x00000000,0x00000000,0x00000000,0x00300115,
	0x00000000,0x00000000,0x00000000,0x00000000,
	0x00000000,0x00000000,0x00000000,0x00310116,
	0x00000000,0x00000000,0x00000000,0x00000000,
	0x00000000,0x00000000,0x00000000,0x00320117,
	0x00000000,0x00000000,0x00000000,0x00000000,
	0x00000000,0x00000000,0x00000000,0x00330118,
	0x00000000,0x00000000,0x00000000,0x00000000,
	0x00000000,0x00000000,0x00000000,0x00340119,
	0x00000030,0x00000000,0x00000000,0x00000000,
	0x00000000,0x00000000,0x00000000,0x0035011A,
	0x00000031,0x00000000,0x00000000,0x00000000,
	0x00000000,0x00000000,0x00000000,0x0036011B,
	0x00000032,0x00000000,0x00000000,0x00000000,
	0x00000000,0x00000000,0x00000000,0x0037011C,
	0x00000033,0x00000000,0x00000000,0x00000000,
	0x00000000,0x00000000,0x00000000,0x002E011D,
	0x00000000,0x00000000,0x00000000,0x00000000,
	0x00000000,0x00000000,0x00000000,0x002C011E,
	0x0000002D,0x00000000,0x00000000,0x00000000,
	0x00000000,0x00000000,0x00000000,0x002D011F,
	0x0000002C,0x00000000,0x00000000,0x00000000,
	0x00000000,0x00000000,0x00000000,0x00380120,
	0x00000034,0x00000000,0x00000000,0x00000000,
	0x00000000,0x00000000,0x00000000,0x00390121,
	0x00000035,0x00000000,0x00000000,0x00000000,
	0x00000000,0x00000000,0x00000000,0x003A0122,
	0x00000036,0x00000000,0x00000000,0x00000000,
	0x00000000,0x00000000,0x00000000,0x003B0123,
	0x00000037,0x00000000,0x00000000,0x00000000,
	0x00000000,0x00000000,0x00000000,0x003C0124,
	0x0000002E,0x00000000,0x00000000,0x00000000,
	0x00000000,0x00000000,0x00000000,0x003D0125,
	0x00000000,0x00000000,0x00000000,0x00000000,
	0x00000000,0x00000000,0x00000000,0x003E0126,
	0x00000000,0x00000000,0x00000000,0x00000000,
	0x00000000,0x00000000,0x00000000,0x003F0127,
	0x00000000,0x00000000,0x00000000,0x00000000,
	0x00000000,0x00000000,0x00000000,0x002F0128,
	0x00000000,0x00000000,0x00000000,0x00000000,
	0x00000000,0x00000000,0x00000000,0x01DC0061,
	0x02340000,0x02110147,0x00000137,0x00000000,
	0x00000000,0x00000000,0x00000000,0x01D70062,
	0x00000050,0x00000000,0x00000000,0x00000000,
	0x00000000,0x00000000,0x00000000,0x00000063,
	0x023601D3,0x02120000,0x00000137,0x00000000,
	0x00000000,0x00000000,0x00000000,0x01DA0064,
	0x02330000,0x02130148,0x00000138,0x00000000,
	0x00000000,0x00000000,0x00000000,0x01D60065,
	0x0000004F,0x00000000,0x00000000,0x00000000,
	0x00000000,0x00000000,0x00000000,0x01D50066,
	0x0000004E,0x00000000,0x00000000,0x00000000,
	0x00000000,0x00000000,0x00000000,0x01D80067,
	0x00000051,0x00000000,0x00000000,0x00000000,
	0x00000000,0x00000000,0x00000000,0x01D90068,
	0x01340231,0x02140000,0x00000000,0x00000000,
	0x00000000,0x00000000,0x00000000,0x01DB0069,
	0x01330232,0x02150000,0x00000000,0x00000000,
	0x00000000,0x00000000,0x00000000,0x01D2006A,
	0x0000004B,0x00000000,0x00000000,0x00000000,
	0x00000000,0x00000000,0x00000000,0x01D4006B,
	0x0000004C,0x00000000,0x00000000,0x00000000,
	0x00000000,0x00000000,0x00000000,0x0000006C,
	0x02370230,0x02160148,0x00000138,0x00000000,
	0x00000000,0x00000000,0x00000000,0x0000006D,
	0x00000000,0x021701F7,0x018C0000,0x025B0000,
	0x02440000,0x00000000,0x00000000,0x0000006E,
	0x00000000,0x021901F8,0x018D0000,0x025C0000,
	0x02450000,0x00000000,0x00000000,0x0000006F,
	0x000001E5,0x00000000,0x01900000,0x00000000,
	0x00000000,0x00000000,0x00000000,0x00000070,
	0x00000000,0x021A01F9,0x01910000,0x025D0000,
	0x02460000,0x00000000,0x00000000,0x01480071,
	0x00000134,0x00000000,0x00000000,0x00000000,
	0x00000000,0x00000000,0x00000000,0x01470072,
	0x00000133,0x00000000,0x00000000,0x00000000,
	0x00000000,0x00000000,0x00000000,0x01F40073,
	0x013601E7,0x00000149,0x018E0000,0x00000000,
	0x00000000,0x00000000,0x00000000,0x00000074,
	0x00000230,0x021801FA,0x018F0000,0x000001B0,
	0x00000000,0x00000000,0x00000000,0x01370075,
	0x01350157,0x00000000,0x00000000,0x025E0000,
	0x02410257,0x00000000,0x00000000,0x01380076,
	0x01360158,0x00000000,0x00000000,0x025F0000,
	0x02420258,0x00000000,0x00000000,0x01F60077,
	0x00000000,0x021B01FB,0x01990000,0x000001B1,
	0x00000000,0x00000000,0x00000000,0x01F30078,
	0x013501E4,0x0000014A,0x01980000,0x00000000,
	0x00000000,0x00000000,0x00000000,0x00000079,
	0x00000000,0x018A0000,0x01970174,0x00000000,
	0x00000000,0x00000000,0x00000000,0x01F5007A,
	0x000001D3,0x021C01FC,0x01960000,0x000001AF,
	0x00000000,0x00000000,0x00000000,0x0000007B,
	0x00000231,0x021D01FD,0x01950182,0x00000000,
	0x00000000,0x00000000,0x00000000,0x0000007C,
	0x00000232,0x021E01FE,0x01940183,0x000001AF,
	0x00000000,0x00000000,0x00000000,0x0134007D,
	0x00000155,0x00000149,0x00000000,0x02600000,
	0x024F025A,0x00000000,0x00000000,0x0133007E,
	0x00000156,0x0000014A,0x00000000,0x02610000,
	0x02500259,0x00000000,0x00000000,0x015B007F,
	0x004C01D6,0x00000000,0x00000000,0x00000000,
	0x00000000,0x00000000,0x00000000,0x01300080,
	0x00000000,0x0000014B,0x00000000,0x02620000,
	0x02510000,0x00000000,0x00000000,0x012F0081,
	0x00000000,0x0000014C,0x00000000,0x02630000,
	0x02520000,0x00000000,0x00000000,0x00000082,
	0x000001DC,0x01350000,0x00000000,0x00000000,
	0x00000000,0x00000000,0x00000000,0x00000083,
	0x000001D4,0x01360000,0x00000000,0x00000000,
	0x02470000,0x00000000,0x00000000,0x00000084,
	0x000001DB,0x01390000,0x00000000,0x00000000,
	0x02480000,0x00000000,0x00000000,0x00000085,
	0x005001D7,0x00000000,0x00000000,0x00000000,
	0x02490000,0x00000000,0x00000000,0x015D0086,
	0x004F01DA,0x0000015E,0x00000000,0x00000000,
	0x024A0000,0x00000000,0x00000000,0x00000087,
	0x005101D9,0x00000000,0x00000000,0x00000000,
	0x00000000,0x00000000,0x00000000,0x015A0088,
	0x004B01D2,0x00000000,0x00000000,0x00000000,
	0x00000000,0x00000000,0x00000000,0x015C0089,
	0x004E01D8,0x00000000,0x00000000,0x00000000,
	0x00000000,0x00000000,0x00000000,0x0000008A,
	0x000001D5,0x013A0000,0x00000000,0x00000000,
	0x00000000,0x00000000,0x00000000,0x0000008B,
	0x00000000,0x021F01FF,0x00000184,0x02640000,
	0x02430000,0x00000000,0x00000000,0x0000008C,
	0x00000000,0x018B0000,0x01930175,0x000001B3,
	0x00000000,0x00000000,0x00000000,0x0041008D,
	0x00000000,0x017F0000,0x0192016E,0x000001B4,
	0x00000000,0x00000000,0x00000000,0x0046008E,
	0x00000000,0x01810000,0x01A10173,0x000001B2,
	0x00000000,0x00000000,0x00000000,0x0040008F,
	0x00000000,0x017E0000,0x01A0016F,0x000001B5,
	0x00000000,0x00000000,0x00000000,0x00450090,
	0x00000000,0x01800000,0x019F0172,0x000001B6,
	0x00000000,0x00000000,0x00000000,0x00440091,
	0x00000000,0x01890000,0x019E0171,0x000001B7,
	0x00000000,0x00000000,0x00000000,0x00000092,
	0x00000000,0x022001F7,0x00000000,0x00000000,
	0x00000000,0x00000000,0x00000000,0x00430093,
	0x00000000,0x01880000,0x019D0170,0x000001B8,
	0x00000000,0x00000000,0x00000000,0x00940239,
	0x00000000,0x022101F8,0x00000185,0x02650000,
	0x00000000,0x00000000,0x00000000,0x0095023A,
	0x00000000,0x022301F9,0x00000186,0x02660000,
	0x00000000,0x00000000,0x00000000,0x00000096,
	0x00000000,0x00000000,0x019C0000,0x00000000,
	0x00000000,0x00000000,0x00000000,0x01580097,
	0x01360159,0x00000000,0x019B0000,0x00000000,
	0x00000000,0x00000000,0x00000000,0x00000098,
	0x00000000,0x022401FA,0x019A0000,0x00000000,
	0x00000000,0x00000000,0x00000000,0x01550099,
	0x01350000,0x00000000,0x01A90000,0x00000000,
	0x00000000,0x00000000,0x00000000,0x0157009A,
	0x00000133,0x00000000,0x01A80000,0x00000000,
	0x00000000,0x00000000,0x00000000,0x0000009B,
	0x02270000,0x022201FC,0x01A70187,0x00000000,
	0x00000000,0x00000000,0x00000000,0x014E009C,
	0x013A0130,0x00000000,0x00000000,0x02670000,
	0x00000000,0x00000000,0x00000000,0x014D009D,
	0x0139012F,0x00000000,0x00000000,0x02680000,
	0x00000000,0x00000000,0x00000000,0x0156009E,
	0x00000134,0x00000000,0x01A60000,0x02690000,
	0x00000000,0x00000000,0x00000000,0x0149009F,
	0x00000132,0x00000000,0x01A50000,0x026A0000,
	0x00000000,0x00000000,0x00000000,0x014A00A0,
	0x00000131,0x00000000,0x01A40000,0x026B0000,
	0x00000000,0x00000000,0x00000000,0x000000A1,
	0x00000000,0x00000000,0x00000000,0x00000000,
	0x00000000,0x00000000,0x00000000,0x000000A2,
	0x00000000,0x021101FD,0x01A30000,0x000001B9,
	0x00000000,0x00000000,0x00000000,0x000000A3,
	0x00000000,0x00000000,0x00000000,0x00000000,
	0x00000000,0x00000000,0x00000000,0x000000A4,
	0x00000000,0x021201FE,0x01A20000,0x000001BA,
	0x00000000,0x00000000,0x00000000,0x000000A5,
	0x00000000,0x00000000,0x00000000,0x00000000,
	0x00000000,0x00000000,0x00000000,0x000000A6,
	0x00000000,0x00000000,0x00000000,0x00000000,
	0x00000000,0x00000000,0x00000000,0x01DF00A7,
	0x0000015B,0x00000000,0x00000000,0x025B0000,
	0x00000000,0x00000000,0x00000000,0x023D00A8,
	0x00000000,0x00000000,0x00000000,0x025C0000,
	0x00000000,0x00000000,0x00000000,0x023F00A9,
	0x00000000,0x00000000,0x00000000,0x025D0000,
	0x00000000,0x00000000,0x00000000,0x024000AA,
	0x02260132,0x021301FF,0x00000000,0x025E0000,
	0x00000000,0x00000000,0x00000000,0x023E00AB,
	0x02250131,0x02140200,0x018A0174,0x025F0000,
	0x00000000,0x00000000,0x00000000,0x01E100AC,
	0x0000015C,0x00000000,0x00000000,0x02600000,
	0x00000000,0x00000000,0x00000000,0x01E000AD,
	0x0000015D,0x00000000,0x00000000,0x02610000,
	0x00000000,0x00000000,0x00000000,0x01DD00AE,
	0x0000015A,0x00000000,0x00000000,0x02620000,
	0x00000000,0x00000000,0x00000000,0x015C00AF,
	0x000001DE,0x02150200,0x00000000,0x02630000,
	0x00000000,0x00000000,0x00000000,0x01E200B0,
	0x00000000,0x00000000,0x00000000,0x02640000,
	0x00000000,0x00000000,0x00000000,0x000000B1,
	0x00000000,0x00000000,0x018B0175,0x02650000,
	0x00000000,0x00000000,0x00000000,0x01E300B2,
	0x00000000,0x00000000,0x00000000,0x02660000,
	0x00000000,0x00000000,0x00000000,0x000000B3,
	0x000001EC,0x021601F7,0x01890171,0x000001AB,
	0x00000000,0x00000000,0x00000000,0x015A00B4,
	0x00000000,0x00000000,0x00000000,0x02670000,
	0x00000000,0x00000000,0x00000000,0x000000B5,
	0x000001E9,0x021B01F8,0x01800172,0x000001AA,
	0x00000000,0x00000000,0x00000000,0x000000B6,
	0x00000000,0x00000000,0x00000000,0x02680000,
	0x00000000,0x00000000,0x00000000,0x000000B7,
	0x000001EB,0x021C01F9,0x01810173,0x000001AC,
	0x00000000,0x00000000,0x00000000,0x015B00B8,
	0x00000000,0x00000000,0x00000000,0x02690000,
	0x00000000,0x00000000,0x00000000,0x000000B9,
	0x00000000,0x00000000,0x017F016E,0x026A0000,
	0x00000000,0x00000000,0x00000000,0x015D00BA,
	0x015E0000,0x00000000,0x00000000,0x026B0000,
	0x00000000,0x00000000,0x00000000,0x000000BB,
	0x000001EA,0x021D01FA,0x017E016F,0x000001AD,
	0x00000000,0x00000000,0x00000000,0x000000BC,
	0x000001E8,0x021E01FB,0x01880170,0x000001AE,
	0x00000000,0x00000000,0x00000000,0x014B00BD,
	0x01390137,0x00000000,0x00000000,0x00000000,
	0x00000000,0x00000000,0x00000000,0x014C00BE,
	0x013A0138,0x00000000,0x00000000,0x00000000,
	0x00000000,0x00000000,0x00000000,0x7943504C,
	0x73656C63,0x7563203A,0x64253D72,0x6C656420,
	0x253D6174,0x6D742C64,0x64253D70,0x504C000A,
	0x63796320,0x2073656C,0x202C6425,0x30646874,
	0x2C642520,0x64687420,0x64252031,0x6373202C,
	0x20656C61,0x41006425,0x61757463,0x6150206C,
	0x203A6172,0x3D727563,0x202C6425,0x3D657661,
	0x202C6425,0x5F727563,0x6B636162,0x25207075,
	0x61202C64,0x6168706C,0x2C642520,0x706D7420,
	0x30312A28,0x64253D29,0x4C000A0D,0x63794350,
	0x3A73656C,0x2C642520,0x65766120,0x2C64253D,
	0x756F6320,0x253D746E,0x6D742064,0x64253D70,
	0x63000A0D,0x3D212062,0x4C554E20,0x6973004C,
	0x3E20657A,0x68003020,0x5F715F77,0x646E6168,
	0x3E2D656C,0x695F6863,0x203C2064,0x5F435049,
	0x435F5748,0x554E5F48,0x7768004D,0x685F715F,
	0x6C646E61,0x713E2D65,0x7864695F,0x49203C20,
	0x485F4350,0x55515F57,0x5F455545,0x004D554E,
	0x715F7768,0x6E61685F,0x00656C64,0x75657571,
	0x633E2D65,0x742E6766,0x75625F78,0x69735F66,
	0x3E20657A,0x7A697320,0x28666F65,0x75727473,
	0x63207463,0x75637269,0x5F72616C,0x29667562,
	0x74616400,0x656C5F61,0x3D3C206E,0x746F7420,
	0x6C5F6C61,0x30006E65,0x203D3D20,0x00736572,
	0x442F455B,0x205D4742,0x50434800,0x72432055,
	0x20687361,0x67697274,0x65726567,0x70202C64,
	0x7361656C,0x68632065,0x206B6365,0x55504348,
	0x676F6C20,0x726F6620,0x74656420,0x736C6961,
	0x4148002E,0x4B4F5F4C,0x203D3D20,0x00727265,
	0x6974706C,0x5B00326D,0x535D6D70,0x2C64253A,
	0x000A6425,0x006E6970,0x5D6D705B,0x64253A57,
	0x6D70000A,0x6369745F,0x61635F6B,0x69742E6C,
	0x655F6B63,0x726F7272,0x6172665F,0x203C2063,
	0x705B0031,0x53575D6D,0x78303A52,0x000A7825,
	0x2043414D,0x65656C73,0x6F6E2070,0x75732074,
	0x726F7070,0x65792074,0x25282074,0x62002964,
	0x74706675,0x3D212072,0x4C554E20,0x6973004C,
	0x2120657A,0x0030203D,0x78747462,0x6500745F,
	0x3E2D766E,0x5F637069,0x74726F70,0x203D3D20,
	0x646E6168,0x6C00656C,0x3D206E65,0x6E65203D,
	0x723E2D76,0x61642E78,0x735F6174,0x00657A69,
	0x206E656C,0x73203D3D,0x00657A69,0x6C6C6163,
	0x6B636162,0x203D2120,0x4C4C554E,0x72617500,
	0x52003474,0x4F455F54,0x3D3D204B,0x73657220,
	0x00746C75,0x5F435049,0x55455551,0x4E495F45,
	0x494C4156,0x41485F44,0x454C444E,0x203D2120,
	0x786F626D,0x766E655F,0x6370692E,0x726F705F,
	0x6E650074,0x643E2D76,0x63697665,0x3D3D2065,
	0x76656420,0x766E6500,0x78743E2D,0x6675622E,
	0x203D3D20,0x66667562,0x65007265,0x2120766E,
	0x554E203D,0x74004C4C,0x5452006C,0x4C41465F,
	0x70004553,0x695F6E69,0x685F7172,0x6E5F7264,
	0x3C206D75,0x58414D20,0x4E49505F,0x504E495F,
	0x435F5455,0x6900544E,0x2D6D6574,0x6E69703E,
	0x203D3D20,0x7000312D,0x705F7262,0x695F6E69,
	0x685F7172,0x6E5F7264,0x3E206D75,0x70003020,
	0x705F7262,0x3C206E69,0x4148203D,0x42505F4C,
	0x414D5F52,0x69700058,0x74735F6E,0x20657461,
	0x30203D3E,0x6C617600,0x3E206575,0x0030203D,
	0x65646F6D,0x203D2120,0x5F4E4950,0x45444F4D,
	0x54554F5F,0x5F545550,0x4800444F,0x4F5F4C41,
	0x3D3D204B,0x61747320,0x00737574,0x206C6176,
	0x30203D3E,0x72627000,0x6E69705F,0x33203C20,
	0x72740032,0x65676769,0x69705F72,0x756E5F6E,
	0x203C206D,0x5F58414D,0x5F4E4950,0x55504E49,
	0x4E435F54,0x70670054,0x66006F69,0x6873616C,
	0x616D0031,0x74006E69,0x21206469,0x5452203D,
	0x4C554E5F,0x6974004C,0x00656C64,0x695F7472,
	0x7265746E,0x74707572,0x73656E5F,0x203E2074,
	0x68740030,0x64616572,0x203D2120,0x4E5F5452,
	0x004C4C55,0x72687428,0x2D646165,0x6174733E,
	0x20262074,0x545F5452,0x41455248,0x54535F44,
	0x4D5F5441,0x294B5341,0x203D3D20,0x545F5452,
	0x41455248,0x55535F44,0x4E455053,0x74720044,
	0x6A626F5F,0x5F746365,0x5F746567,0x65707974,
	0x74722828,0x6A626F5F,0x5F746365,0x68742974,
	0x64616572,0x3D3D2029,0x5F545220,0x656A624F,
	0x435F7463,0x7373616C,0x7268545F,0x00646165,
	0x636E7546,0x6E6F6974,0x5D73255B,0x61687320,
	0x6E206C6C,0x6220746F,0x73752065,0x62206465,
	0x726F6665,0x63732065,0x75646568,0x2072656C,
	0x72617473,0x46000A74,0x74636E75,0x5B6E6F69,
	0x205D7325,0x6C616873,0x6F6E206C,0x65622074,
	0x65737520,0x6E692064,0x69724320,0x61636974,
	0x46000A6C,0x74636E75,0x5B6E6F69,0x205D7325,
	0x6C616873,0x6F6E206C,0x65622074,0x65737520,
	0x6E692064,0x52534920,0x7546000A,0x6974636E,
	0x255B6E6F,0x73205D73,0x6C6C6168,0x746F6E20,
	0x20656220,0x64657375,0x69687720,0x6920656C,
	0x7265746E,0x74707572,0x20736920,0x61736964,
	0x64656C62,0x6974000A,0x2072656D,0x52203D21,
	0x554E5F54,0x72004C4C,0x626F5F74,0x7463656A,
	0x7465675F,0x7079745F,0x74262865,0x72656D69,
	0x61703E2D,0x746E6572,0x3D3D2029,0x5F545220,
	0x656A624F,0x435F7463,0x7373616C,0x6D69545F,
	0x72007265,0x626F5F74,0x7463656A,0x5F73695F,
	0x74737973,0x626F6D65,0x7463656A,0x69742628,
	0x2D72656D,0x7261703E,0x29746E65,0x6D697400,
	0x3E2D7265,0x74696E69,0x6369745F,0x203C206B,
	0x545F5452,0x5F4B4349,0x2058414D,0x0032202F,
	0x656D6974,0x69700072,0x3D21206E,0x5F545220,
	0x4C4C554E,0x6E697000,0x52203C20,0x49505F54,
	0x4F4E5F4E,0x6D00454E,0x2065646F,0x7830203C,
	0x70006666,0x3D21206D,0x5F545220,0x4C4C554E,
	0x006D7000,0x00403624,0x00403574,0x00403534,
	0x00403514,0x004034E4,0x004034BC,0x003925C2,
	0x02000000,0x003725C2,0x00800000,0x011920C2,
	0x02000000,0x00187025,0x01000000,0x00000000,
	0x00000000,0x00194120,0x02000000,0x00194020,
	0x02000000,0x00194320,0x02000000,0x01192085,
	0x02000000,0x011A2085,0x04000000,0x00000000,
	0x00000000,0x001960C8,0x02000000,0x0019400B,
	0x02000000,0x001940C8,0x02000000,0x00000000,
	0x00000000,0x001960EF,0x02000000,0x011970EF,
	0x02000000,0x001942E5,0x02000000,0x001940EF,
	0x02000000,0x00194968,0x02000000,0x0019405E,
	0x02000000,0x011960A1,0x02000000,0x00000000,
	0x00000000,0x01166085,0x00400000,0x01164285,
	0x00400000,0x01176085,0x00800000,0x01186085,
	0x01000000,0x01186585,0x01000000,0x01186385,
	0x01000000,0x01172085,0x00800000,0x01182085,
	0x01000000,0x00167025,0x00400000,0x001860EF,
	0x01000000,0x0018600B,0x01000000,0x0018505E,
	0x01000000,0x001828A1,0x01000000,0x011843C8,
	0x01000000,0x001840C8,0x01000000,0x001740C8,
	0x00800000,0x01174020,0x00800000,0x001860CD,
	0x01000000,0x011740B3,0x00800000,0x011640B3,
	0x00400000,0x001460B3,0x00100000,0x00000000,
	0x00000000,0x01156085,0x00200000,0x01146085,
	0x00100000,0x00136085,0x00080000,0x001460C8,
	0x00100000,0x001560C8,0x00200000,0x001660C8,
	0x00400000,0x001760C8,0x00800000,0x001860C8,
	0x01000000,0x0017400B,0x00800000,0x001842F8,
	0x01000000,0x0017705E,0x00800000,0x0018405E,
	0x01000000,0x001660EF,0x00400000,0x01184020,
	0x01000000,0x00184120,0x01000000,0x00185020,
	0x01000000,0x001360EB,0x00100000,0x001460EB,
	0x00100000,0x0018401C,0x01000000,0x00174068,
	0x00800000,0x00184068,0x01000000,0x0018400B,
	0x01000000,0x011840B3,0x01000000,0x001840EF,
	0x01000000,0x00000000,0x00000000,0x15608500,
	0x00030000,0x01000000,0x00001000,0x00000006,
	0x00000000,0x00000401,0x00000000,0x00050100,
	0x00000001,0x01010000,0x00000101,0x01000000,
	0x00000000,0x00000000,0x01000300,0x02000000,
	0x000B0101,0x00000801,0x3B010102,0x00080200,
	0x01010200,0x0803006B,0x01020000,0x0200BB01,
	0x02020000,0x00EB0102,0x03000403,0x9F010302,
	0x00000100,0x01000000,0x00000000,0x00000000,
	0x00000000,0x00000000,0x00000000,0x00000000,
	0x00000000,0x00000000,0x00000000,0x00000000,
	0x00000000,0x00000000,0x00000000,0x00990000,
	0x00000000,0x66010000,0x00000000,0x01000000,
	0x00010035,0x00000000,0x00005001,0x00000000,
	0x01020100,0x00000001,0x32010102,0x00000301,
	0x01010200,0x00000000,0x00000000,0x00000000,
	0x00000000,0x00810000,0x00000000,0x20010102,
	0x00000000,0x01010200,0x00000052,0x01020000,
	0x0000D801,0x02000000,0x00600101,0x00000000,
	0x00010000,0x00000000,0x00000000,0x00000000,
	0x00000000,0x00000000,0x00000000,0x00000000,
	0x00000000,0x00000000,0x00000000,0x00000000,
	0x00000000,0x00000000,0x00000000,0x00000000,
	0x00000000,0x00000000,0x00000000,0x00000000,
	0x00000000,0x00000000,0x00000000,0x00000000,
	0x00000000,0x00000000,0x00000000,0x00000000,
	0x00000000,0x00000000,0x00000000,0x00000000,
	0x00000000,0x00000000,0x00000000,0x00000000,
	0x00000000,0x00000000,0x00000000,0x00000000,
	0x00000000,0x01004B00,0x02000008,0x00480101,
	0x00000801,0x42010102,0x00000101,0x01010200,
	0x00000044,0x01020000,0x0000B901,0x00000000,
	0x00AB0100,0x00000000,0xED010000,0x00070700,
	0x01070207,0x0801005A,0x01020000,0x00000001,
	0x16608500,0x00030000,0x01000000,0x00001000,
	0x00000006,0x00000000,0x00000401,0x00000000,
	0x00050100,0x00000001,0x01010000,0x00000101,
	0x01000000,0x00000000,0x00000000,0x01000300,
	0x02000000,0x000B0101,0x00000801,0x3B010102,
	0x00080200,0x01010200,0x0803006B,0x01020000,
	0x0200BB01,0x02020000,0x00EB0102,0x03000403,
	0x9F010302,0x00000100,0x01000000,0x00000000,
	0x00000000,0x00000000,0x00000000,0x00000000,
	0x00000000,0x00000000,0x00000000,0x00000000,
	0x00000000,0x00000000,0x00000000,0x00000000,
	0x00990000,0x00000000,0x66010000,0x00000000,
	0x01000000,0x00010035,0x00000000,0x00005001,
	0x00000000,0x01020100,0x00000001,0x32010102,
	0x00000301,0x01010200,0x00000000,0x00000000,
	0x00000000,0x00000000,0x00810000,0x00000000,
	0x20010102,0x00000000,0x01010200,0x00000052,
	0x01020000,0x0000D801,0x02000000,0x00600101,
	0x00000000,0x00010000,0x00000000,0x00000000,
	0x00000000,0x00000000,0x00000000,0x00000000,
	0x00000000,0x00000000,0x00000000,0x00000000,
	0x00000000,0x00000000,0x00000000,0x00000000,
	0x00000000,0x00000000,0x00000000,0x00000000,
	0x00000000,0x00000000,0x00000000,0x00000000,
	0x00000000,0x00000000,0x00000000,0x00000000,
	0x31000000,0x00000101,0x01000000,0x00000000,
	0x00000000,0x00000000,0x00000000,0x00000000,
	0x00000000,0x00000000,0x00000000,0x00000000,
	0x00000000,0x00000000,0x01004B00,0x02000008,
	0x00480101,0x00000801,0x42010102,0x00000101,
	0x01010200,0x00000044,0x01020000,0x0000B901,
	0x00000000,0x00AB0100,0x00000000,0xED010000,
	0x00070700,0x01070207,0x0801005A,0x01020000,
	0x00000001,0x1960EF00,0x00030000,0x01000000,
	0x00001000,0x00000006,0x00000000,0x00000401,
	0x00000000,0x00050100,0x00000001,0x01010000,
	0x00000101,0x01000000,0x00000000,0x00000000,
	0x01000300,0x02000000,0x000B0101,0x00000801,
	0x3B010102,0x00080200,0x01010200,0x0803006B,
	0x01020000,0x0200BB01,0x02020000,0x00EB0102,
	0x03000403,0x9F010302,0x00000100,0x01000000,
	0x00000000,0x00000000,0x00000000,0x00000000,
	0x00000000,0x00000000,0x00000000,0x00000000,
	0x00000000,0x00000000,0x00000000,0x00000000,
	0x00000000,0x00990000,0x00000000,0x66010000,
	0x00000000,0x01000000,0x00010035,0x00000000,
	0x00005001,0x00000000,0x01020100,0x00000001,
	0x32010102,0x00000301,0x01010200,0x000100C8,
	0x00000000,0x0101C501,0x00000000,0x00810100,
	0x00000000,0x20010102,0x00000000,0x01010200,
	0x00000052,0x01020000,0x0000D801,0x02000000,
	0x00600101,0x00000000,0x15010000,0x00000100,
	0x01000000,0x00010111,0x00000000,0x0000B701,
	0x00000000,0x00E90100,0x00000000,0x13010000,
	0x00000100,0x01010300,0x0801000C,0x01030000,
	0x03006C01,0x03000008,0x00EC0101,0x03000403,
	0x12010303,0x00000101,0x01010300,0x00030134,
	0x01030000,0x00002101,0x03000000,0x00DC0101,
	0x00000000,0x00010103,0x00000000,0x00000000,
	0x00000000,0x00000000,0x00000000,0x00000000,
	0x00000000,0x00000000,0x00000000,0x00000000,
	0x00000000,0x00000000,0x00000000,0x01004B00,
	0x03000008,0x00480101,0x00000801,0x42010103,
	0x00000101,0x01010300,0x00000044,0x01030000,
	0x0000B901,0x00000000,0x00AB0100,0x00000000,
	0xED010000,0x00070700,0x01070307,0x0801005A,
	0x01020000,0x00000001,0x1960C800,0x00030000,
	0x01000000,0x00001000,0x00000006,0x00000000,
	0x00000401,0x00000000,0x00050100,0x00000001,
	0x01010000,0x00000101,0x01000000,0x00000000,
	0x00000000,0x01000300,0x02000000,0x000B0101,
	0x00000801,0x3B010102,0x00080200,0x01010200,
	0x0803006B,0x01020000,0x0200BB01,0x02020000,
	0x00EB0102,0x03000403,0x9F010302,0x00000100,
	0x01000000,0x00000000,0x00000000,0x00000000,
	0x00000000,0x00000000,0x00000000,0x00000000,
	0x00000000,0x00000000,0x00000000,0x00000000,
	0x00000000,0x00000000,0x00990000,0x00000000,
	0x66010000,0x00000000,0x01000000,0x00010035,
	0x00000000,0x00005001,0x00000000,0x01020100,
	0x00000001,0x32010102,0x00000301,0x01010200,
	0x000100C8,0x00000000,0x0101C501,0x00000000,
	0x00810100,0x00000000,0x20010102,0x00000000,
	0x01010200,0x00000052,0x01020000,0x0000D801,
	0x02000000,0x00600101,0x00000000,0x15010000,
	0x00000100,0x01000000,0x00010111,0x00000000,
	0x0000B701,0x00000000,0x00E90100,0x00000000,
	0x03010000,0x00000100,0x01010300,0x0801000B,
	0x01030000,0x03006B01,0x03000008,0x00EB0101,
	0x03000403,0x02010303,0x00000101,0x01010300,
	0x00030132,0x01030000,0x00002001,0x03000000,
	0x00D80101,0x00000000,0x00010103,0x00000000,
	0x00000000,0x00000000,0x00000000,0x00000000,
	0x00000000,0x00000000,0x00000000,0x00000000,
	0x00000000,0x00000000,0x00000000,0x00000000,
	0x01004B00,0x03000008,0x00480101,0x00000801,
	0x42010103,0x00000101,0x01010300,0x00000044,
	0x01030000,0x0000B901,0x00000000,0x00AB0100,
	0x00000000,0x00010000,0x00000000,0x00000000,
	0x0801005A,0x01020000,0x00000001,0x19412000,
	0x00030000,0x01000000,0x00001000,0x00000006,
	0x00000000,0x00000401,0x00000000,0x00050100,
	0x00000001,0x01010000,0x00000101,0x01000000,
	0x00000000,0x00000000,0x01000300,0x02000000,
	0x000B0101,0x00000801,0x3B010102,0x00080200,
	0x01010200,0x0803006B,0x01020000,0x0200BB01,
	0x02020000,0x00EB0102,0x03000403,0x9F010302,
	0x00000100,0x01000000,0x00000000,0x00000000,
	0x00000000,0x00000000,0x00000000,0x00000000,
	0x00000000,0x00000000,0x00000000,0x00000000,
	0x00000000,0x00000000,0x00000000,0x00990000,
	0x00000000,0x66010000,0x00000000,0x01000000,
	0x00010035,0x00000000,0x00005001,0x00000000,
	0x01020100,0x00000001,0x32010102,0x00000301,
	0x01010200,0x000100C8,0x00000000,0x0101C501,
	0x00000000,0x00810100,0x00000000,0x20010102,
	0x00000000,0x01010200,0x00000052,0x01020000,
	0x0000D801,0x02000000,0x00600101,0x00000000,
	0x15010000,0x00000100,0x01000000,0x00010111,
	0x00000000,0x0000B701,0x00000000,0x00E90100,
	0x00000000,0x13010000,0x00000100,0x01010300,
	0x0801000C,0x01030000,0x03006C01,0x03000008,
	0x00EC0101,0x03000403,0x12010303,0x00000101,
	0x01010300,0x00030134,0x01030000,0x00002101,
	0x03000000,0x00DC0101,0x00000000,0x31010103,
	0x00000101,0x01000000,0x00000000,0x00000000,
	0x00000000,0x00000000,0x00000000,0x00000000,
	0x00000000,0x00000000,0x00000000,0x00000000,
	0x00000000,0x01004B00,0x03000008,0x00480101,
	0x00000801,0x42010103,0x00000101,0x01010300,
	0x00000044,0x01030000,0x0000B901,0x00000000,
	0x00AB0100,0x00000000,0x00010000,0x00000000,
	0x00000000,0x0801005A,0x01020000,0x00000001,
	0x3925C200,0x3C000000,0x00000060,0x00001000,
	0x00000006,0x00000000,0x00000401,0x00000000,
	0x00050100,0x00000001,0x01010000,0x00000101,
	0x01000000,0x00000000,0x00000000,0x01000300,
	0x02000000,0x000B0101,0x00000801,0x3B010102,
	0x00080200,0x01010200,0x0803006B,0x01020000,
	0x0200BB01,0x02020000,0x00EB0102,0x03000403,
	0x9F010302,0x00000100,0x01000000,0x00000000,
	0x00000000,0x00000000,0x00000000,0x00000000,
	0x00000000,0x00000000,0x00000000,0x00000000,
	0x00000000,0x00000000,0x00000000,0x00000000,
	0x00990000,0x00000000,0x66010000,0x00000000,
	0x01000000,0x00000000,0x00000000,0x00000000,
	0x00000000,0x01020000,0x00000001,0x32010102,
	0x00000301,0x01010200,0x000100C8,0x00000000,
	0x0101C501,0x00000000,0x00810100,0x00000000,
	0x20010102,0x00000000,0x01010200,0x00000052,
	0x01020000,0x0000D801,0x02000000,0x00600101,
	0x00000000,0x15010000,0x00000100,0x01000000,
	0x00010111,0x00000000,0x0000B701,0x00000000,
	0x00E90100,0x00000000,0x03010000,0x00000100,
	0x01010300,0x0801000B,0x01030000,0x03006B01,
	0x03000008,0x00EB0101,0x03000403,0x02010303,
	0x00000101,0x01010300,0x00030132,0x01030000,
	0x00002001,0x03000000,0x00D80101,0x00000000,
	0x00010103,0x00000000,0x00000000,0x00000000,
	0x00000000,0x00000000,0x00000000,0x00000000,
	0x00000000,0x00000000,0x00000000,0x00000000,
	0x00000000,0x00000000,0x01004B00,0x02000008,
	0x00000101,0x00000000,0x00000000,0x00000000,
	0x00000000,0x00000000,0x00000000,0x0000B900,
	0x00000000,0x00AB0100,0x00000000,0x00010000,
	0x00000000,0x00000000,0x0801005A,0x01020000,
	0x00000001,0x63726963,0x72616C75,0x6675625F,
	0x7465675F,0x646E615F,0x6470755F,0x5F657461,
	0x006E656C,0x63726963,0x72616C75,0x6675625F,
	0x7475705F,0x72696300,0x616C7563,0x75625F72,
	0x72775F66,0x696E695F,0x69630074,0x6C756372,
	0x625F7261,0x765F6675,0x64696C61,0x00657461,
	0x5F637069,0x655F7768,0x6C62616E,0x6E695F65,
	0x72726574,0x00747075,0x5F637069,0x635F7768,
	0x6B636568,0x746E695F,0x75727265,0x69007470,
	0x685F6370,0x72745F77,0x65676769,0x6E695F72,
	0x72726574,0x00747075,0x5F637069,0x75657571,
	0x65725F65,0x726F7473,0x6C615F65,0x7069006C,
	0x75715F63,0x5F657565,0x74697277,0x70690065,
	0x75715F63,0x5F657565,0x6E65706F,0x70636800,
	0x636C3275,0x6E5F7570,0x6669746F,0x74616369,
	0x5F6E6F69,0x6C6C6163,0x6B636162,0x47424400,
	0x6972545F,0x72656767,0x5152495F,0x646E6148,
	0x0072656C,0x6C5F6D70,0x68637461,0x6369745F,
	0x6D70006B,0x6E69705F,0x6361625F,0x0070756B,
	0x705F6D70,0x725F6E69,0x6F747365,0x00006572,
	0x003FE29D,0x003FE1B3,0x00000000,0x0000000A,
	0x00000004,0x003FE8A5,0x00000000,0x00000000,
	0x74726F70,0x6E6F635F,0x00676966,0x5F6D6F72,
	0x74726F70,0x7465675F,0x6F626D00,0x78725F78,
	0x646E695F,0x726F7000,0x6F635F74,0x6769666E,
	0x69616D5F,0x786F626C,0x72617500,0x78745F74,
	0x6D6F635F,0x74656C70,0x6F700065,0x635F7472,
	0x69666E6F,0x61755F67,0x00317472,0x74726175,
	0x6972775F,0x75006574,0x5F747261,0x64616572,
	0x6F626D00,0x65725F78,0x6D006461,0x5F786F62,
	0x74697277,0x00000065,0x003FE917,0x003FEAF5,
	0x003FEB9D,0x003FEC69,0x003FE91B,0x003FEC6D,
	0x003FE921,0x003FE915,0x003FEC0D,0x003FEC75,
	0x003FEC65,0x003FEA49,0x003FE929,0x003FEC73,
	0x003FEC61,0x003FED3D,0x003FEDD9,0x003FEC71,
	0x003FEC5D,0x5F617470,0x5F637470,0x666E6F63,
	0x70006769,0x635F6374,0x69666E6F,0x6F635F67,
	0x63747000,0x6E6F635F,0x00676966,0x05040201,
	0x73000706,0x696C6669,0x6E69705F,0x646F6D5F,
	0x69730065,0x5F696C66,0x5F6E6970,0x64616572,
	0x66697300,0x705F696C,0x615F6E69,0x63617474,
	0x72695F68,0x69730071,0x5F696C66,0x5F6E6970,
	0x74746564,0x5F686361,0x00717269,0x6C666973,
	0x69705F69,0x72695F6E,0x6E655F71,0x656C6261,
	0x65686300,0x775F6B63,0x705F7273,0x70006E69,
	0x695F6E69,0x685F7172,0x64007264,0x705F7672,
	0x635F6E69,0x6B636568,0x00000000,0x003FF675,
	0x003FF63D,0x003FF5ED,0x003FF229,0x003FF361,
	0x003FF3F9,0x003FF225,0x003FF315,0x615F7472,
	0x696C7070,0x69746163,0x695F6E6F,0x0074696E,
	0x695F7472,0x7265746E,0x74707572,0x61656C5F,
	0x72006576,0x68745F74,0x64616572,0x656C735F,
	0x72007065,0x69745F74,0x5F72656D,0x72617473,
	0x705F0074,0x725F6E69,0x00646165,0x61647075,
	0x705F6574,0x765F6E69,0x65756C61,0x69705F00,
	0x72775F6E,0x00657469,0x5F646461,0x5F6E6970,
	0x65646F6D,0x69705F00,0x6F635F6E,0x6F72746E,
	0x725F006C,0x6D705F74,0x7665645F,0x5F656369,
	0x64616572,0x5F747200,0x645F6D70,0x63697665,
	0x65725F65,0x74736967,0x72007265,0x6D705F74,
	0x7165725F,0x74736575,0x6D705F00,0x6C65735F,
	0x5F746365,0x65656C73,0x6F6D5F70,0x00006564,
	0x00002710,0x00000004,0xE7FEB900,0x4A054B04,
	0x1B04F853,0xF8404293,0xD1F91B04,0x47702000,
	0x50003000,0x50003108,0xE7FEB900,0x4A054B04,
	0x1B04F850,0x1B04F843,0xD1F94293,0x47702000,
	0x50003000,0x50003108,0x47704770,0x480CB508,
	0xFFEAF7FF,0xF240B128,0x490A1285,0xF45C480A,
	0x2202FCC7,0x480A4909,0xF25EF7FE,0xE8BDB138,
	0xF2404008,0x49031289,0xF45C4803,0xBD08BCB9,
	0x20407E60,0x00404490,0x00402FE2,0x20407F68,
	0x50080000,0x480CB508,0xFFB6F7FF,0xF240B128,
	0x490A1291,0xF45C480A,0x2202FCA3,0x480A4909,
	0xF260F7FE,0xE8BDB138,0xF2404008,0x49031295,
	0xF45C4803,0xBD08BC95,0x20407E60,0x00404482,
	0x00402FE2,0x20407F68,0x50080000,0xF04FB508,
	0xF7FB50E0,0xF7F8FA09,0xE8BDFDE6,0x20034008,
	0xB890F7F8,0xF04FB508,0xF7FB50E0,0xF7F8F9FD,
	0xE8BDFDFB,0x20084008,0xB884F7F8,0x4C1CB510,
	0xF0036823,0x2B030303,0xD0024B1A,0x701A2200,
	0x2201BD10,0x4A18701A,0xF0436953,0x61535300,
	0xF0236C23,0x64230302,0xFF88F7FF,0xF0236C23,
	0x64230301,0x681B4B11,0xBF5F07DB,0xF8D24A10,
	0xF4233114,0xF8C23380,0xF7FB3114,0xF7F8FA17,
	0xF7FBF838,0x2201FDD3,0x601A4B0A,0xFC74F7F7,
	0xFA38F7FB,0xFE1FF7FB,0xFD08F7F9,0xBF00E7D0,
	0x50040000,0x20407FC0,0x5000F000,0x5004A000,
	0x50090000,0x20407FC8,0x4C42B570,0xFC40F7F9,
	0x69E36A22,0xD003421A,0x4070E8BD,0xBC4EF7F9,
	0xF0236AA3,0x62A30310,0x69E36A22,0xD004421A,
	0xF0436AA3,0x62A30310,0x2101E7EE,0xF7F72002,
	0xF7FFFEE8,0xF7FFFF5F,0x2501FF81,0x601D4B32,
	0x432B6C23,0x6C236423,0x0302F043,0x4B2F6423,
	0xF7FE6818,0xF3EFF3F7,0x4B2D8203,0xF3EF641A,
	0x645A8210,0x8213F3EF,0xF3EF649A,0x64DA8211,
	0x8214F3EF,0xF3EF651A,0x659A8209,0x8108F3EF,
	0xF3EF6559,0x65D9810B,0x810AF3EF,0x635A6619,
	0x4619B402,0x4608C101,0xC002BC02,0xE8A14601,
	0xF1031FFC,0xF103023C,0x33580638,0x302D4678,
	0xF8C66010,0xF8C3E000,0xF3BFD000,0xF3BF8F4F,
	0xBF008F6F,0xBF00BF00,0xBF00BF00,0xBF00BF00,
	0xBF30BF00,0xBF00BF00,0xBF00BF00,0xBF00BF00,
	0xBF00BF00,0xBF00BF00,0xF0436AA3,0x62A30310,
	0xF0236823,0x60230303,0xFF2CF7FF,0xF7F74628,
	0xE781FE7F,0x50040000,0xE000E100,0x20408018,
	0x20408024,0xBF00B5F8,0xBC08BCF8,0x4770469E,
	0xBF00B5F8,0xBC08BCF8,0x4770469E,0x003FFE75,
	0x003FFE79,0x003FFBC1,0x003FFCC1,0x003FFE7D,
	0x003FE4E9,0x00034A59,0x003FC1D5,0x0006AB39,
	0x00008811,0x003FE0B9,0x003FE809,0x003FFE81,
	0x00000000,0x7FFF7E64,0x80B0B0B0,0x7FFF7EC0,
	0x00000001,0x00404A70,0x203FC000,0x00000000,
	0x20407840,0x000013A8,0x203FC000,0x00000000,
	0x00010001,0x00010001,0x00000001,0x02DC6C00,
	0x000000C8,0x40002000,0x00000000,0x003FE05D,
	0x003FE575,0x00404789,0x003FE1D5,0x003FE1B5,
	0x0040478B,0x003FE1B1,0x003FE721,0x00000400,
	0x00000400,0x50080008,0x5008000C,0x500827E0,
	0x5000101C,0x00000000,0x00000003,0x00000001,
	0x00000000,0x004030CD,0x50005000,0x0000000C,
	0x00000000,0x00000000,0x00000000,0x00000000,
	0x00000000,0x00000000,0x00000000,0x00000000,
	0x00000000,0x00000000,0x00000000,0x00000000,
	0x00000000,0x00000000,0x00000000,0x00000000,
	0x00000000,0x00000000,0x00000000,0x00000000,
	0x00000000,0x00000000,0x00000000,0x00000000,
	0x00000000,0x00000000,0x00000000,0x00000000,
	0x50041000,0x00000000,0x00000000,0x00000000,
	0x00000000,0x00000000,0x00000000,0x00000000,
	0x00000000,0x00000000,0x00000000,0x00000000,
	0x00000000,0x0000002A,0x00402FF0,0x0000FF01,
	0x00000001,0x20404B94,0x20404B94,0x0000007C,
	0x00000002,0x20404BA4,0x20404BA4,0x00000020,
	0x00000003,0x20404BB4,0x20404BB4,0x00000024,
	0x00000005,0x20404BC4,0x20404BC4,0x00000030,
	0x00000006,0x20404BD4,0x20404BD4,0x00000034,
	0x00000007,0x20404BE4,0x20404BE4,0x00000080,
	0x00000008,0x20404BF4,0x20404BF4,0x00000038,
	0x00000009,0x20404C04,0x20404C04,0x00000040,
	0x0000000A,0x20404C14,0x20404C14,0x00000030,
	0x00000000,0x00000000,0x00000000,0x00000000,
	0x00000101,0x003FC171,0x003FC149,};
uint32_t lcpu_ramcode_len()
{
	return sizeof(g_lcpu_bin);
}
void lcpu_img_install()
{
#if (LPSYS_RAM_CBUS_BASE < (LPSYS_SRAM_BASE - 0x20000000)) 
	if (sizeof(g_lcpu_bin) <= LPSYS_ITCM_SIZE)
		memcpy((void *)(LCPU_ITCM_ADDR_2_HCPU_ADDR(LPSYS_ITCM_BASE)), g_lcpu_bin, sizeof(g_lcpu_bin));
	else
	{
		memcpy((void *)(LCPU_ITCM_ADDR_2_HCPU_ADDR(LPSYS_ITCM_BASE)), g_lcpu_bin, LPSYS_ITCM_SIZE);
		memcpy((void *)(LPSYS_SRAM_BASE), (uint8_t *)g_lcpu_bin + LPSYS_ITCM_SIZE, sizeof(g_lcpu_bin) - LPSYS_ITCM_SIZE);
	}
#else
	memcpy((void*)(HCPU_LCPU_CODE_START_ADDR),g_lcpu_bin,sizeof(g_lcpu_bin));
#endif
}
